T01t01,-40,-36,0,0.5,VLASS1.1,2018-02-07
T01t01,-40,-36,0,0.5,VLASS2.1,2020-10-25
T01t02,-40,-36,0.5,1,VLASS2.1,2020-11-02
T01t02,-40,-36,0.5,1,VLASS1.1,2018-02-03
T01t03,-40,-36,1,1.5,VLASS2.1,2020-11-04
T01t03,-40,-36,1,1.5,VLASS1.1,2018-02-02
T01t04,-40,-36,1.5,2,VLASS1.1,2018-02-04
T01t04,-40,-36,1.5,2,VLASS2.1,2020-10-29
T01t05,-40,-36,2,2.5,VLASS1.2,2019-07-12
T01t05,-40,-36,2,2.5,VLASS2.2,NaT
T01t06,-40,-36,2.5,3,VLASS2.2,NaT
T01t06,-40,-36,2.5,3,VLASS1.2,2019-07-14
T01t07,-40,-36,3,3.5,VLASS1.2,2019-07-07
T01t07,-40,-36,3,3.5,VLASS2.2,NaT
T01t08,-40,-36,3.5,4,VLASS1.2,2019-07-09
T01t08,-40,-36,3.5,4,VLASS2.2,NaT
T01t09,-40,-36,4,4.5,VLASS2.1,2020-10-25
T01t09,-40,-36,4,4.5,VLASS1.1,2018-02-07
T01t10,-40,-36,4.5,5,VLASS1.1,2018-02-03
T01t10,-40,-36,4.5,5,VLASS2.1,2020-11-02
T01t11,-40,-36,5,5.5,VLASS1.1,2018-02-15
T01t11,-40,-36,5,5.5,VLASS2.1,2020-10-28
T01t12,-40,-36,5.5,6,VLASS2.1,2020-10-29
T01t12,-40,-36,5.5,6,VLASS1.1,2018-02-04
T01t13,-40,-36,6,6.5,VLASS1.1,2018-02-07
T01t13,-40,-36,6,6.5,VLASS2.1,2020-10-25
T01t14,-40,-36,6.5,7,VLASS2.1,2020-11-02
T01t14,-40,-36,6.5,7,VLASS1.1,2018-02-03
T01t15,-40,-36,7,7.5,VLASS1.1,2018-02-15
T01t15,-40,-36,7,7.5,VLASS2.1,2020-10-28
T01t16,-40,-36,7.5,8,VLASS2.1,2020-10-29
T01t16,-40,-36,7.5,8,VLASS1.1,2018-02-04
T01t17,-40,-36,8,8.5,VLASS2.2,NaT
T01t17,-40,-36,8,8.5,VLASS1.2,2019-07-12
T01t18,-40,-36,8.5,9,VLASS2.2,NaT
T01t18,-40,-36,8.5,9,VLASS1.2,2019-07-14
T01t19,-40,-36,9,9.5,VLASS1.2,2019-07-07
T01t19,-40,-36,9,9.5,VLASS2.2,NaT
T01t20,-40,-36,9.5,10,VLASS1.2,2019-07-09
T01t20,-40,-36,9.5,10,VLASS2.2,NaT
T01t21,-40,-36,10,10.5,VLASS2.1,2020-10-31
T01t21,-40,-36,10,10.5,VLASS1.1,2018-02-03
T01t22,-40,-36,10.5,11,VLASS2.1,2020-11-07
T01t22,-40,-36,10.5,11,VLASS1.1,2018-02-06
T01t23,-40,-36,11,11.5,VLASS1.1,2018-02-14
T01t23,-40,-36,11,11.5,VLASS2.1,2020-10-29
T01t24,-40,-36,11.5,12,VLASS1.1,2018-02-11
T01t24,-40,-36,11.5,12,VLASS2.1,2020-11-06
T01t25,-40,-36,12,12.5,VLASS2.2,NaT
T01t25,-40,-36,12,12.5,VLASS1.2,2019-07-12
T01t26,-40,-36,12.5,13,VLASS2.2,NaT
T01t26,-40,-36,12.5,13,VLASS1.2,2019-07-13
T01t27,-40,-36,13,13.5,VLASS1.2,2019-07-14
T01t27,-40,-36,13,13.5,VLASS2.2,NaT
T01t28,-40,-36,13.5,14,VLASS2.2,NaT
T01t28,-40,-36,13.5,14,VLASS1.2,2019-07-04
T01t29,-40,-36,14,14.5,VLASS2.1,2020-10-31
T01t29,-40,-36,14,14.5,VLASS1.1,2018-02-03
T01t30,-40,-36,14.5,15,VLASS1.1,2018-02-06
T01t30,-40,-36,14.5,15,VLASS2.1,2020-10-23
T01t31,-40,-36,15,15.5,VLASS1.1,2018-02-14
T01t31,-40,-36,15,15.5,VLASS2.1,2020-10-30
T01t32,-40,-36,15.5,16,VLASS2.1,2020-11-06
T01t32,-40,-36,15.5,16,VLASS1.1,2018-02-11
T01t33,-40,-36,16,16.5,VLASS2.2,NaT
T01t33,-40,-36,16,16.5,VLASS1.2,2019-07-12
T01t34,-40,-36,16.5,17,VLASS1.2,2019-07-13
T01t34,-40,-36,16.5,17,VLASS2.2,NaT
T01t35,-40,-36,17,17.5,VLASS1.2,2019-07-14
T01t35,-40,-36,17,17.5,VLASS2.2,NaT
T01t36,-40,-36,17.5,18,VLASS2.2,NaT
T01t36,-40,-36,17.5,18,VLASS1.2,2019-07-04
T01t37,-40,-36,18,18.5,VLASS2.2,NaT
T01t37,-40,-36,18,18.5,VLASS1.2,2019-07-10
T01t38,-40,-36,18.5,19,VLASS1.2,2019-07-08
T01t38,-40,-36,18.5,19,VLASS2.2,NaT
T01t39,-40,-36,19,19.5,VLASS1.2,2019-07-07
T01t39,-40,-36,19,19.5,VLASS2.2,NaT
T01t40,-40,-36,19.5,20,VLASS2.2,NaT
T01t40,-40,-36,19.5,20,VLASS1.2,2019-07-05
T01t41,-40,-36,20,20.5,VLASS2.1,2020-11-09
T01t41,-40,-36,20,20.5,VLASS1.1,2018-02-03
T01t42,-40,-36,20.5,21,VLASS1.1,2018-02-04
T01t42,-40,-36,20.5,21,VLASS2.1,2020-10-25
T01t43,-40,-36,21,21.5,VLASS2.1,2020-10-29
T01t43,-40,-36,21,21.5,VLASS1.1,2018-02-10
T01t44,-40,-36,21.5,22,VLASS1.1,2018-02-11
T01t44,-40,-36,21.5,22,VLASS2.1,2020-11-05
T01t45,-40,-36,22,22.5,VLASS2.2,NaT
T01t45,-40,-36,22,22.5,VLASS1.2,2019-07-10
T01t46,-40,-36,22.5,23,VLASS1.2,2019-07-08
T01t46,-40,-36,22.5,23,VLASS2.2,NaT
T01t47,-40,-36,23,23.5,VLASS2.2,NaT
T01t47,-40,-36,23,23.5,VLASS1.2,2019-07-07
T01t48,-40,-36,23.5,24,VLASS1.2,2019-07-05
T01t48,-40,-36,23.5,24,VLASS2.2,NaT
T02t01,-36,-32,0,0.5,VLASS1.2,2019-07-10
T02t01,-36,-32,0,0.5,VLASS2.2,NaT
T02t02,-36,-32,0.5,1,VLASS2.2,NaT
T02t02,-36,-32,0.5,1,VLASS1.2,2019-07-08
T02t03,-36,-32,1,1.5,VLASS1.2,2019-07-07
T02t03,-36,-32,1,1.5,VLASS2.2,NaT
T02t04,-36,-32,1.5,2,VLASS2.2,NaT
T02t04,-36,-32,1.5,2,VLASS1.2,2019-07-05
T02t05,-36,-32,2,2.5,VLASS2.1,2020-10-25
T02t05,-36,-32,2,2.5,VLASS1.1,2018-02-07
T02t06,-36,-32,2.5,3,VLASS2.1,2020-11-02
T02t06,-36,-32,2.5,3,VLASS1.1,2018-02-03
T02t07,-36,-32,3,3.5,VLASS2.1,2020-11-04
T02t07,-36,-32,3,3.5,VLASS1.1,2018-02-15
T02t08,-36,-32,3.5,4,VLASS2.1,2020-10-29
T02t08,-36,-32,3.5,4,VLASS1.1,2018-02-04
T02t09,-36,-32,4,4.5,VLASS2.2,NaT
T02t09,-36,-32,4,4.5,VLASS1.2,2019-07-12
T02t10,-36,-32,4.5,5,VLASS1.2,2019-07-14
T02t10,-36,-32,4.5,5,VLASS2.2,NaT
T02t11,-36,-32,5,5.5,VLASS2.2,NaT
T02t11,-36,-32,5,5.5,VLASS1.2,2019-07-07
T02t12,-36,-32,5.5,6,VLASS2.2,NaT
T02t12,-36,-32,5.5,6,VLASS1.2,2019-07-09
T02t13,-36,-32,6,6.5,VLASS2.2,NaT
T02t13,-36,-32,6,6.5,VLASS1.2,2019-07-12
T02t14,-36,-32,6.5,7,VLASS1.2,2019-07-14
T02t14,-36,-32,6.5,7,VLASS2.2,NaT
T02t15,-36,-32,7,7.5,VLASS2.2,NaT
T02t15,-36,-32,7,7.5,VLASS1.2,2019-07-07
T02t16,-36,-32,7.5,8,VLASS2.2,NaT
T02t16,-36,-32,7.5,8,VLASS1.2,2019-07-09
T02t17,-36,-32,8,8.5,VLASS2.1,2020-10-25
T02t17,-36,-32,8,8.5,VLASS1.1,2018-02-03
T02t18,-36,-32,8.5,9,VLASS2.1,2020-11-07
T02t18,-36,-32,8.5,9,VLASS1.1,2018-02-06
T02t19,-36,-32,9,9.5,VLASS1.1,2018-02-14
T02t19,-36,-32,9,9.5,VLASS2.1,2020-10-29
T02t20,-36,-32,9.5,10,VLASS1.1,2018-02-11
T02t20,-36,-32,9.5,10,VLASS2.1,2020-11-06
T02t21,-36,-32,10,10.5,VLASS1.2,2019-07-12
T02t21,-36,-32,10,10.5,VLASS2.2,NaT
T02t22,-36,-32,10.5,11,VLASS2.2,NaT
T02t22,-36,-32,10.5,11,VLASS1.2,2019-07-13
T02t23,-36,-32,11,11.5,VLASS2.2,NaT
T02t23,-36,-32,11,11.5,VLASS1.2,2019-07-14
T02t24,-36,-32,11.5,12,VLASS1.2,2019-07-04
T02t24,-36,-32,11.5,12,VLASS2.2,NaT
T02t25,-36,-32,12,12.5,VLASS1.1,2018-02-03
T02t25,-36,-32,12,12.5,VLASS2.1,2020-10-31
T02t26,-36,-32,12.5,13,VLASS1.1,2018-02-06
T02t26,-36,-32,12.5,13,VLASS2.1,2020-10-23
T02t27,-36,-32,13,13.5,VLASS1.1,2018-02-14
T02t27,-36,-32,13,13.5,VLASS2.1,2020-10-30
T02t28,-36,-32,13.5,14,VLASS1.1,2018-02-11
T02t28,-36,-32,13.5,14,VLASS2.1,2020-11-06
T02t29,-36,-32,14,14.5,VLASS2.2,NaT
T02t29,-36,-32,14,14.5,VLASS1.2,2019-07-12
T02t30,-36,-32,14.5,15,VLASS1.2,2019-07-13
T02t30,-36,-32,14.5,15,VLASS2.2,NaT
T02t31,-36,-32,15,15.5,VLASS2.2,NaT
T02t31,-36,-32,15,15.5,VLASS1.2,2019-07-14
T02t32,-36,-32,15.5,16,VLASS1.2,2019-07-04
T02t32,-36,-32,15.5,16,VLASS2.2,NaT
T02t33,-36,-32,16,16.5,VLASS2.1,2020-11-07
T02t33,-36,-32,16,16.5,VLASS1.1,2018-02-03
T02t34,-36,-32,16.5,17,VLASS1.1,2018-02-04
T02t34,-36,-32,16.5,17,VLASS2.1,2020-11-20
T02t35,-36,-32,17,17.5,VLASS1.1,2018-02-10
T02t35,-36,-32,17,17.5,VLASS2.1,2020-11-03
T02t36,-36,-32,17.5,18,VLASS1.1,2018-02-11
T02t36,-36,-32,17.5,18,VLASS2.1,2020-11-06
T02t37,-36,-32,18,18.5,VLASS1.1,2018-02-03
T02t37,-36,-32,18,18.5,VLASS2.1,2020-11-09
T02t38,-36,-32,18.5,19,VLASS2.1,2020-10-25
T02t38,-36,-32,18.5,19,VLASS1.1,2018-02-04
T02t39,-36,-32,19,19.5,VLASS2.1,2020-11-03
T02t39,-36,-32,19,19.5,VLASS1.1,2018-02-10
T02t40,-36,-32,19.5,20,VLASS1.1,2018-02-11
T02t40,-36,-32,19.5,20,VLASS2.1,2020-11-06
T02t41,-36,-32,20,20.5,VLASS2.2,NaT
T02t41,-36,-32,20,20.5,VLASS1.2,2019-07-10
T02t42,-36,-32,20.5,21,VLASS2.2,NaT
T02t42,-36,-32,20.5,21,VLASS1.2,2019-07-08
T02t43,-36,-32,21,21.5,VLASS1.2,2019-07-07
T02t43,-36,-32,21,21.5,VLASS2.2,NaT
T02t44,-36,-32,21.5,22,VLASS2.2,NaT
T02t44,-36,-32,21.5,22,VLASS1.2,2019-07-05
T02t45,-36,-32,22,22.5,VLASS2.1,2020-11-09
T02t45,-36,-32,22,22.5,VLASS1.1,2018-02-03
T02t46,-36,-32,22.5,23,VLASS2.1,2020-10-25
T02t46,-36,-32,22.5,23,VLASS1.1,2018-02-04
T02t47,-36,-32,23,23.5,VLASS2.1,2020-10-29
T02t47,-36,-32,23,23.5,VLASS1.1,2018-02-10
T02t48,-36,-32,23.5,24,VLASS1.1,2018-02-11
T02t48,-36,-32,23.5,24,VLASS2.1,2020-11-05
T03t01,-32,-28,0,0.67,VLASS1.2,2019-07-01
T03t01,-32,-28,0,0.67,VLASS2.2,NaT
T03t02,-32,-28,0.67,1.33,VLASS2.2,NaT
T03t02,-32,-28,0.67,1.33,VLASS1.2,2019-06-29
T03t03,-32,-28,1.33,2,VLASS2.2,NaT
T03t03,-32,-28,1.33,2,VLASS1.2,2019-06-30
T03t04,-32,-28,2,2.67,VLASS1.1,2018-02-11
T03t04,-32,-28,2,2.67,VLASS2.1,2020-10-27
T03t05,-32,-28,2.67,3.33,VLASS2.1,2020-11-01
T03t05,-32,-28,2.67,3.33,VLASS1.1,2018-02-16
T03t06,-32,-28,3.33,4,VLASS2.1,2020-10-30
T03t06,-32,-28,3.33,4,VLASS1.1,2018-02-17
T03t07,-32,-28,4,4.67,VLASS2.2,NaT
T03t07,-32,-28,4,4.67,VLASS1.2,2019-06-28
T03t08,-32,-28,4.67,5.33,VLASS2.2,NaT
T03t08,-32,-28,4.67,5.33,VLASS1.2,2019-07-16
T03t09,-32,-28,5.33,6,VLASS2.2,NaT
T03t09,-32,-28,5.33,6,VLASS1.2,2019-06-29
T03t10,-32,-28,6,6.67,VLASS1.2,2019-06-28
T03t10,-32,-28,6,6.67,VLASS2.2,NaT
T03t11,-32,-28,6.67,7.33,VLASS2.2,NaT
T03t11,-32,-28,6.67,7.33,VLASS1.2,2019-07-16
T03t12,-32,-28,7.33,8,VLASS2.2,NaT
T03t12,-32,-28,7.33,8,VLASS1.2,2019-06-29
T03t13,-32,-28,8,8.67,VLASS2.1,2020-10-27
T03t13,-32,-28,8,8.67,VLASS1.1,2018-02-11
T03t14,-32,-28,8.67,9.33,VLASS1.1,2018-02-16
T03t14,-32,-28,8.67,9.33,VLASS2.1,2020-11-03
T03t15,-32,-28,9.33,10,VLASS2.1,2020-10-30
T03t15,-32,-28,9.33,10,VLASS1.1,2018-02-17
T03t16,-32,-28,10,10.67,VLASS2.2,NaT
T03t16,-32,-28,10,10.67,VLASS1.2,2019-06-28
T03t17,-32,-28,10.67,11.33,VLASS2.2,NaT
T03t17,-32,-28,10.67,11.33,VLASS1.2,2019-07-16
T03t18,-32,-28,11.33,12,VLASS1.2,2019-06-29
T03t18,-32,-28,11.33,12,VLASS2.2,NaT
T03t19,-32,-28,12,12.67,VLASS2.1,2020-10-24
T03t19,-32,-28,12,12.67,VLASS1.1,2018-02-12
T03t20,-32,-28,12.67,13.33,VLASS2.1,2020-10-25
T03t20,-32,-28,12.67,13.33,VLASS1.1,2018-02-13
T03t21,-32,-28,13.33,14,VLASS1.1,2018-02-15
T03t21,-32,-28,13.33,14,VLASS2.1,2020-11-03
T03t22,-32,-28,14,14.67,VLASS1.2,2019-06-28
T03t22,-32,-28,14,14.67,VLASS2.2,NaT
T03t23,-32,-28,14.67,15.33,VLASS1.2,2019-07-02
T03t23,-32,-28,14.67,15.33,VLASS2.2,NaT
T03t24,-32,-28,15.33,16,VLASS2.2,NaT
T03t24,-32,-28,15.33,16,VLASS1.2,2019-07-04
T03t25,-32,-28,16,16.67,VLASS2.1,2020-10-31
T03t25,-32,-28,16,16.67,VLASS1.1,2018-02-12
T03t26,-32,-28,16.67,17.33,VLASS1.1,2018-02-13
T03t26,-32,-28,16.67,17.33,VLASS2.1,2020-11-05
T03t27,-32,-28,17.33,18,VLASS2.1,2020-11-01
T03t27,-32,-28,17.33,18,VLASS1.1,2018-02-15
T03t28,-32,-28,18,18.67,VLASS2.1,2020-10-31
T03t28,-32,-28,18,18.67,VLASS1.1,2018-02-18
T03t29,-32,-28,18.67,19.33,VLASS1.1,2018-02-12
T03t29,-32,-28,18.67,19.33,VLASS2.1,2020-11-05
T03t30,-32,-28,19.33,20,VLASS1.1,2018-02-20
T03t30,-32,-28,19.33,20,VLASS2.1,2020-11-01
T03t31,-32,-28,20,20.67,VLASS2.2,NaT
T03t31,-32,-28,20,20.67,VLASS1.2,2019-07-01
T03t32,-32,-28,20.67,21.33,VLASS1.2,2019-06-29
T03t32,-32,-28,20.67,21.33,VLASS2.2,NaT
T03t33,-32,-28,21.33,22,VLASS1.2,2019-06-30
T03t33,-32,-28,21.33,22,VLASS2.2,NaT
T03t34,-32,-28,22,22.67,VLASS1.1,2018-02-18
T03t34,-32,-28,22,22.67,VLASS2.1,2020-10-27
T03t35,-32,-28,22.67,23.33,VLASS2.1,2020-11-01
T03t35,-32,-28,22.67,23.33,VLASS1.1,2018-02-13
T03t36,-32,-28,23.33,24,VLASS1.2,2019-07-02
T03t36,-32,-28,23.33,24,VLASS2.2,NaT
T04t01,-28,-24,0,0.67,VLASS1.2,2019-07-09
T04t01,-28,-24,0,0.67,VLASS2.2,NaT
T04t02,-28,-24,0.67,1.33,VLASS2.2,NaT
T04t02,-28,-24,0.67,1.33,VLASS1.2,2019-07-06
T04t03,-28,-24,1.33,2,VLASS1.2,2019-07-13
T04t03,-28,-24,1.33,2,VLASS2.2,NaT
T04t04,-28,-24,2,2.67,VLASS1.1,2018-02-10
T04t04,-28,-24,2,2.67,VLASS2.1,2020-10-26
T04t05,-28,-24,2.67,3.33,VLASS1.1,2018-02-18
T04t05,-28,-24,2.67,3.33,VLASS2.1,2020-10-28
T04t06,-28,-24,3.33,4,VLASS1.1,2018-02-10
T04t06,-28,-24,3.33,4,VLASS2.1,2020-10-31
T04t07,-28,-24,4,4.67,VLASS1.2,2019-07-04
T04t07,-28,-24,4,4.67,VLASS2.2,NaT
T04t08,-28,-24,4.67,5.33,VLASS1.2,2019-07-06
T04t08,-28,-24,4.67,5.33,VLASS2.2,NaT
T04t09,-28,-24,5.33,6,VLASS1.2,2019-06-30
T04t09,-28,-24,5.33,6,VLASS2.2,NaT
T04t10,-28,-24,6,6.67,VLASS2.2,NaT
T04t10,-28,-24,6,6.67,VLASS1.2,2019-07-04
T04t11,-28,-24,6.67,7.33,VLASS2.2,NaT
T04t11,-28,-24,6.67,7.33,VLASS1.2,2019-07-06
T04t12,-28,-24,7.33,8,VLASS2.2,NaT
T04t12,-28,-24,7.33,8,VLASS1.2,2019-06-30
T04t13,-28,-24,8,8.67,VLASS1.1,2018-02-10
T04t13,-28,-24,8,8.67,VLASS2.1,NaT
T04t14,-28,-24,8.67,9.33,VLASS1.1,2018-02-18
T04t14,-28,-24,8.67,9.33,VLASS2.1,NaT
T04t15,-28,-24,9.33,10,VLASS1.1,2018-02-10
T04t15,-28,-24,9.33,10,VLASS2.1,2020-11-01
T04t16,-28,-24,10,10.67,VLASS1.2,2019-07-04
T04t16,-28,-24,10,10.67,VLASS2.2,NaT
T04t17,-28,-24,10.67,11.33,VLASS2.2,NaT
T04t17,-28,-24,10.67,11.33,VLASS1.2,2019-07-06
T04t18,-28,-24,11.33,12,VLASS2.2,NaT
T04t18,-28,-24,11.33,12,VLASS1.2,2019-06-30
T04t19,-28,-24,12,12.67,VLASS2.1,2020-11-02
T04t19,-28,-24,12,12.67,VLASS1.1,2018-02-16
T04t20,-28,-24,12.67,13.33,VLASS1.1,2018-02-05
T04t20,-28,-24,12.67,13.33,VLASS2.1,2020-10-27
T04t21,-28,-24,13.33,14,VLASS1.1,2018-02-08
T04t21,-28,-24,13.33,14,VLASS2.1,2020-11-01
T04t22,-28,-24,14,14.67,VLASS1.2,2019-07-05
T04t22,-28,-24,14,14.67,VLASS2.2,NaT
T04t23,-28,-24,14.67,15.33,VLASS2.2,NaT
T04t23,-28,-24,14.67,15.33,VLASS1.2,2019-07-11
T04t24,-28,-24,15.33,16,VLASS1.2,2019-06-30
T04t24,-28,-24,15.33,16,VLASS2.2,NaT
T04t25,-28,-24,16,16.67,VLASS1.1,2018-02-16
T04t25,-28,-24,16,16.67,VLASS2.1,2020-10-24
T04t26,-28,-24,16.67,17.33,VLASS1.1,2018-02-05
T04t26,-28,-24,16.67,17.33,VLASS2.1,NaT
T04t27,-28,-24,17.33,18,VLASS1.1,2018-02-08
T04t27,-28,-24,17.33,18,VLASS2.1,2020-10-30
T04t28,-28,-24,18,18.67,VLASS2.1,2020-10-24
T04t28,-28,-24,18,18.67,VLASS1.1,2018-02-17
T04t29,-28,-24,18.67,19.33,VLASS2.1,NaT
T04t29,-28,-24,18.67,19.33,VLASS1.1,2018-02-16
T04t30,-28,-24,19.33,20,VLASS1.1,2018-02-09
T04t30,-28,-24,19.33,20,VLASS2.1,2020-10-30
T04t31,-28,-24,20,20.67,VLASS1.2,2019-07-09
T04t31,-28,-24,20,20.67,VLASS2.2,NaT
T04t32,-28,-24,20.67,21.33,VLASS2.2,NaT
T04t32,-28,-24,20.67,21.33,VLASS1.2,2019-07-06
T04t33,-28,-24,21.33,22,VLASS1.1,2018-02-09
T04t33,-28,-24,21.33,22,VLASS2.1,2020-10-30
T04t34,-28,-24,22,22.67,VLASS2.1,2020-10-24
T04t34,-28,-24,22,22.67,VLASS1.1,2018-02-17
T04t35,-28,-24,22.67,23.33,VLASS2.1,2020-10-28
T04t35,-28,-24,22.67,23.33,VLASS1.1,2018-02-16
T04t36,-28,-24,23.33,24,VLASS2.1,2020-10-30
T04t36,-28,-24,23.33,24,VLASS1.1,2018-02-09
T05t01,-24,-20,0,0.67,VLASS2.1,2020-10-27
T05t01,-24,-20,0,0.67,VLASS1.1,2018-02-18
T05t02,-24,-20,0.67,1.33,VLASS1.1,2018-02-13
T05t02,-24,-20,0.67,1.33,VLASS2.1,2020-11-01
T05t03,-24,-20,1.33,2,VLASS2.2,NaT
T05t03,-24,-20,1.33,2,VLASS1.2,2019-07-02
T05t04,-24,-20,2,2.67,VLASS1.2,2019-07-01
T05t04,-24,-20,2,2.67,VLASS2.2,NaT
T05t05,-24,-20,2.67,3.33,VLASS2.2,NaT
T05t05,-24,-20,2.67,3.33,VLASS1.2,2019-06-29
T05t06,-24,-20,3.33,4,VLASS2.2,NaT
T05t06,-24,-20,3.33,4,VLASS1.2,2019-06-30
T05t07,-24,-20,4,4.67,VLASS1.1,2018-02-11
T05t07,-24,-20,4,4.67,VLASS2.1,2020-10-27
T05t08,-24,-20,4.67,5.33,VLASS1.1,2018-02-16
T05t08,-24,-20,4.67,5.33,VLASS2.1,2020-11-03
T05t09,-24,-20,5.33,6,VLASS1.1,2018-02-17
T05t09,-24,-20,5.33,6,VLASS2.1,2020-10-30
T05t10,-24,-20,6,6.67,VLASS2.1,2020-10-27
T05t10,-24,-20,6,6.67,VLASS1.1,2018-02-11
T05t11,-24,-20,6.67,7.33,VLASS1.1,2018-02-16
T05t11,-24,-20,6.67,7.33,VLASS2.1,2020-11-03
T05t12,-24,-20,7.33,8,VLASS1.1,2018-02-17
T05t12,-24,-20,7.33,8,VLASS2.1,2020-10-30
T05t13,-24,-20,8,8.67,VLASS1.2,2019-06-28
T05t13,-24,-20,8,8.67,VLASS2.2,NaT
T05t14,-24,-20,8.67,9.33,VLASS2.2,NaT
T05t14,-24,-20,8.67,9.33,VLASS1.2,2019-07-16
T05t15,-24,-20,9.33,10,VLASS2.2,NaT
T05t15,-24,-20,9.33,10,VLASS1.2,2019-06-29
T05t16,-24,-20,10,10.67,VLASS1.1,2018-02-12
T05t16,-24,-20,10,10.67,VLASS2.1,2020-10-24
T05t17,-24,-20,10.67,11.33,VLASS2.1,2020-10-25
T05t17,-24,-20,10.67,11.33,VLASS1.1,2018-02-13
T05t18,-24,-20,11.33,12,VLASS2.1,2020-11-03
T05t18,-24,-20,11.33,12,VLASS1.1,2018-02-15
T05t19,-24,-20,12,12.67,VLASS2.2,NaT
T05t19,-24,-20,12,12.67,VLASS1.2,2019-06-28
T05t20,-24,-20,12.67,13.33,VLASS2.2,NaT
T05t20,-24,-20,12.67,13.33,VLASS1.2,2019-07-02
T05t21,-24,-20,13.33,14,VLASS1.2,2019-07-04
T05t21,-24,-20,13.33,14,VLASS2.2,NaT
T05t22,-24,-20,14,14.67,VLASS2.1,2020-10-24
T05t22,-24,-20,14,14.67,VLASS1.1,2018-02-12
T05t23,-24,-20,14.67,15.33,VLASS2.1,2020-10-25
T05t23,-24,-20,14.67,15.33,VLASS1.1,2018-02-13
T05t24,-24,-20,15.33,16,VLASS1.1,2018-02-15
T05t24,-24,-20,15.33,16,VLASS2.1,2020-11-03
T05t25,-24,-20,16,16.67,VLASS1.2,2019-06-28
T05t25,-24,-20,16,16.67,VLASS2.2,NaT
T05t26,-24,-20,16.67,17.33,VLASS1.2,2019-07-02
T05t26,-24,-20,16.67,17.33,VLASS2.2,NaT
T05t27,-24,-20,17.33,18,VLASS2.2,NaT
T05t27,-24,-20,17.33,18,VLASS1.2,2019-07-04
T05t28,-24,-20,18,18.67,VLASS2.2,NaT
T05t28,-24,-20,18,18.67,VLASS1.2,2019-06-28
T05t29,-24,-20,18.67,19.33,VLASS1.2,2019-07-02
T05t29,-24,-20,18.67,19.33,VLASS2.2,NaT
T05t30,-24,-20,19.33,20,VLASS2.2,NaT
T05t30,-24,-20,19.33,20,VLASS1.2,2019-07-04
T05t31,-24,-20,20,20.67,VLASS1.1,2018-02-18
T05t31,-24,-20,20,20.67,VLASS2.1,2020-10-31
T05t32,-24,-20,20.67,21.33,VLASS1.1,2018-02-12
T05t32,-24,-20,20.67,21.33,VLASS2.1,2020-11-05
T05t33,-24,-20,21.33,22,VLASS1.2,2019-07-02
T05t33,-24,-20,21.33,22,VLASS2.2,NaT
T05t34,-24,-20,22,22.67,VLASS1.2,2019-07-01
T05t34,-24,-20,22,22.67,VLASS2.2,NaT
T05t35,-24,-20,22.67,23.33,VLASS1.2,2019-06-29
T05t35,-24,-20,22.67,23.33,VLASS2.2,NaT
T05t36,-24,-20,23.33,24,VLASS2.2,NaT
T05t36,-24,-20,23.33,24,VLASS1.2,2019-06-30
T06t01,-20,-16,0,0.67,VLASS1.1,2018-02-17
T06t01,-20,-16,0,0.67,VLASS2.1,2020-10-26
T06t02,-20,-16,0.67,1.33,VLASS2.1,2020-10-28
T06t02,-20,-16,0.67,1.33,VLASS1.1,2018-02-16
T06t03,-20,-16,1.33,2,VLASS1.1,2018-02-09
T06t03,-20,-16,1.33,2,VLASS2.1,2020-10-31
T06t04,-20,-16,2,2.67,VLASS1.2,2019-07-09
T06t04,-20,-16,2,2.67,VLASS2.2,NaT
T06t05,-20,-16,2.67,3.33,VLASS1.2,2019-07-06
T06t05,-20,-16,2.67,3.33,VLASS2.2,NaT
T06t06,-20,-16,3.33,4,VLASS2.2,NaT
T06t06,-20,-16,3.33,4,VLASS1.2,2019-07-13
T06t07,-20,-16,4,4.67,VLASS2.1,2020-10-26
T06t07,-20,-16,4,4.67,VLASS1.1,2018-02-10
T06t08,-20,-16,4.67,5.33,VLASS1.1,2018-02-18
T06t08,-20,-16,4.67,5.33,VLASS2.1,2020-11-01
T06t09,-20,-16,5.33,6,VLASS2.1,2020-10-31
T06t09,-20,-16,5.33,6,VLASS1.1,2018-02-10
T06t10,-20,-16,6,6.67,VLASS2.1,NaT
T06t10,-20,-16,6,6.67,VLASS1.1,2018-02-10
T06t11,-20,-16,6.67,7.33,VLASS2.1,2020-11-01
T06t11,-20,-16,6.67,7.33,VLASS1.1,2018-02-18
T06t12,-20,-16,7.33,8,VLASS1.1,2018-02-10
T06t12,-20,-16,7.33,8,VLASS2.1,2020-10-31
T06t13,-20,-16,8,8.67,VLASS2.2,NaT
T06t13,-20,-16,8,8.67,VLASS1.2,2019-07-04
T06t14,-20,-16,8.67,9.33,VLASS1.2,2019-07-06
T06t14,-20,-16,8.67,9.33,VLASS2.2,NaT
T06t15,-20,-16,9.33,10,VLASS1.2,2019-06-30
T06t15,-20,-16,9.33,10,VLASS2.2,NaT
T06t16,-20,-16,10,10.67,VLASS2.1,2020-11-02
T06t16,-20,-16,10,10.67,VLASS1.1,2018-02-16
T06t17,-20,-16,10.67,11.33,VLASS2.1,2020-10-27
T06t17,-20,-16,10.67,11.33,VLASS1.1,2018-02-05
T06t18,-20,-16,11.33,12,VLASS1.1,2018-02-08
T06t18,-20,-16,11.33,12,VLASS2.1,2020-11-01
T06t19,-20,-16,12,12.67,VLASS1.2,2019-07-05
T06t19,-20,-16,12,12.67,VLASS2.2,NaT
T06t20,-20,-16,12.67,13.33,VLASS2.2,NaT
T06t20,-20,-16,12.67,13.33,VLASS1.2,2019-07-11
T06t21,-20,-16,13.33,14,VLASS1.2,2019-06-30
T06t21,-20,-16,13.33,14,VLASS2.2,NaT
T06t22,-20,-16,14,14.67,VLASS1.1,2018-02-16
T06t22,-20,-16,14,14.67,VLASS2.1,2020-09-18
T06t23,-20,-16,14.67,15.33,VLASS1.1,2018-02-05
T06t23,-20,-16,14.67,15.33,VLASS2.1,2020-10-27
T06t24,-20,-16,15.33,16,VLASS2.1,2020-11-01
T06t24,-20,-16,15.33,16,VLASS1.1,2018-02-08
T06t25,-20,-16,16,16.67,VLASS1.2,2019-07-05
T06t25,-20,-16,16,16.67,VLASS2.2,NaT
T06t26,-20,-16,16.67,17.33,VLASS2.2,NaT
T06t26,-20,-16,16.67,17.33,VLASS1.2,2019-07-11
T06t27,-20,-16,17.33,18,VLASS2.2,NaT
T06t27,-20,-16,17.33,18,VLASS1.2,2019-06-30
T06t28,-20,-16,18,18.67,VLASS2.2,NaT
T06t28,-20,-16,18,18.67,VLASS1.2,2019-07-05
T06t29,-20,-16,18.67,19.33,VLASS1.2,2019-07-11
T06t29,-20,-16,18.67,19.33,VLASS2.2,NaT
T06t30,-20,-16,19.33,20,VLASS1.2,2019-06-30
T06t30,-20,-16,19.33,20,VLASS2.2,NaT
T06t31,-20,-16,20,20.67,VLASS1.1,2018-02-17
T06t31,-20,-16,20,20.67,VLASS2.1,2020-10-24
T06t32,-20,-16,20.67,21.33,VLASS1.1,2018-02-16
T06t32,-20,-16,20.67,21.33,VLASS2.1,NaT
T06t33,-20,-16,21.33,22,VLASS2.2,NaT
T06t33,-20,-16,21.33,22,VLASS1.2,2019-07-13
T06t34,-20,-16,22,22.67,VLASS1.2,2019-07-09
T06t34,-20,-16,22,22.67,VLASS2.2,NaT
T06t35,-20,-16,22.67,23.33,VLASS1.2,2019-07-06
T06t35,-20,-16,22.67,23.33,VLASS2.2,NaT
T06t36,-20,-16,23.33,24,VLASS2.2,NaT
T06t36,-20,-16,23.33,24,VLASS1.2,2019-07-13
T07t01,-16,-12,0,0.67,VLASS1.1,2017-11-11
T07t01,-16,-12,0,0.67,VLASS2.1,2020-10-21
T07t02,-16,-12,0.67,1.33,VLASS2.1,2020-10-16
T07t02,-16,-12,0.67,1.33,VLASS1.1,2017-12-13
T07t03,-16,-12,1.33,2,VLASS1.1,2017-11-11
T07t03,-16,-12,1.33,2,VLASS2.1,2020-10-21
T07t04,-16,-12,2,2.67,VLASS2.2,NaT
T07t04,-16,-12,2,2.67,VLASS1.2,2019-05-19
T07t05,-16,-12,2.67,3.33,VLASS1.2,2019-04-28
T07t05,-16,-12,2.67,3.33,VLASS2.2,NaT
T07t06,-16,-12,3.33,4,VLASS1.2,2019-05-19
T07t06,-16,-12,3.33,4,VLASS2.2,NaT
T07t07,-16,-12,4,4.67,VLASS2.1,2020-10-16
T07t07,-16,-12,4,4.67,VLASS1.1,2018-01-09
T07t08,-16,-12,4.67,5.33,VLASS1.1,2018-01-13
T07t08,-16,-12,4.67,5.33,VLASS2.1,2020-10-22
T07t09,-16,-12,5.33,6,VLASS1.1,2018-01-14
T07t09,-16,-12,5.33,6,VLASS2.1,2020-10-21
T07t10,-16,-12,6,6.67,VLASS1.1,2018-01-09
T07t10,-16,-12,6,6.67,VLASS2.1,2020-10-22
T07t11,-16,-12,6.67,7.33,VLASS1.1,2018-01-13
T07t11,-16,-12,6.67,7.33,VLASS2.1,2020-10-21
T07t12,-16,-12,7.33,8,VLASS1.1,2018-01-14
T07t12,-16,-12,7.33,8,VLASS2.1,2020-10-22
T07t13,-16,-12,8,8.67,VLASS1.2,2019-04-11
T07t13,-16,-12,8,8.67,VLASS2.2,NaT
T07t14,-16,-12,8.67,9.33,VLASS2.2,NaT
T07t14,-16,-12,8.67,9.33,VLASS1.2,2019-03-08
T07t15,-16,-12,9.33,10,VLASS2.2,NaT
T07t15,-16,-12,9.33,10,VLASS1.2,2019-04-11
T07t16,-16,-12,10,10.67,VLASS2.1,2020-09-18
T07t16,-16,-12,10,10.67,VLASS1.1,2018-01-30
T07t17,-16,-12,10.67,11.33,VLASS2.1,2020-10-10
T07t17,-16,-12,10.67,11.33,VLASS1.1,2018-02-01
T07t18,-16,-12,11.33,12,VLASS2.1,2020-09-04
T07t18,-16,-12,11.33,12,VLASS1.1,2018-02-18
T07t19,-16,-12,12,12.67,VLASS2.2,NaT
T07t19,-16,-12,12,12.67,VLASS1.2,2019-04-25
T07t20,-16,-12,12.67,13.33,VLASS2.2,NaT
T07t20,-16,-12,12.67,13.33,VLASS1.2,2019-03-11
T07t21,-16,-12,13.33,14,VLASS2.2,NaT
T07t21,-16,-12,13.33,14,VLASS1.2,2019-04-25
T07t22,-16,-12,14,14.67,VLASS2.1,NaT
T07t22,-16,-12,14,14.67,VLASS1.1,2018-01-01
T07t23,-16,-12,14.67,15.33,VLASS2.1,2020-10-10
T07t23,-16,-12,14.67,15.33,VLASS1.1,2018-01-01
T07t24,-16,-12,15.33,16,VLASS1.1,2018-01-01
T07t24,-16,-12,15.33,16,VLASS2.1,2020-09-04
T07t25,-16,-12,16,16.67,VLASS1.2,2019-06-19
T07t25,-16,-12,16,16.67,VLASS2.2,NaT
T07t26,-16,-12,16.67,17.33,VLASS2.2,NaT
T07t26,-16,-12,16.67,17.33,VLASS1.2,2019-06-20
T07t27,-16,-12,17.33,18,VLASS2.2,NaT
T07t27,-16,-12,17.33,18,VLASS1.2,2019-04-26
T07t28,-16,-12,18,18.67,VLASS1.2,2019-06-19
T07t28,-16,-12,18,18.67,VLASS2.2,NaT
T07t29,-16,-12,18.67,19.33,VLASS2.2,NaT
T07t29,-16,-12,18.67,19.33,VLASS1.2,2019-06-20
T07t30,-16,-12,19.33,20,VLASS1.2,2019-04-26
T07t30,-16,-12,19.33,20,VLASS2.2,NaT
T07t31,-16,-12,20,20.67,VLASS1.1,2017-11-20
T07t31,-16,-12,20,20.67,VLASS2.1,2020-10-22
T07t32,-16,-12,20.67,21.33,VLASS2.1,2020-10-21
T07t32,-16,-12,20.67,21.33,VLASS1.1,2017-11-11
T07t33,-16,-12,21.33,22,VLASS2.1,2020-10-22
T07t33,-16,-12,21.33,22,VLASS1.1,2017-11-20
T07t34,-16,-12,22,22.67,VLASS1.2,2019-06-10
T07t34,-16,-12,22,22.67,VLASS2.2,NaT
T07t35,-16,-12,22.67,23.33,VLASS1.2,2019-06-13
T07t35,-16,-12,22.67,23.33,VLASS2.2,NaT
T07t36,-16,-12,23.33,24,VLASS2.2,NaT
T07t36,-16,-12,23.33,24,VLASS1.2,2019-06-10
T08t01,-12,-8,0,0.67,VLASS2.1,2020-10-20
T08t01,-12,-8,0,0.67,VLASS1.1,2017-11-26
T08t02,-12,-8,0.67,1.33,VLASS1.1,2017-12-13
T08t02,-12,-8,0.67,1.33,VLASS2.1,2020-10-23
T08t03,-12,-8,1.33,2,VLASS2.1,2020-10-14
T08t03,-12,-8,1.33,2,VLASS1.1,2017-11-26
T08t04,-12,-8,2,2.67,VLASS2.2,NaT
T08t04,-12,-8,2,2.67,VLASS1.2,2019-06-21
T08t05,-12,-8,2.67,3.33,VLASS2.2,NaT
T08t05,-12,-8,2.67,3.33,VLASS1.2,2019-06-21
T08t06,-12,-8,3.33,4,VLASS1.2,2019-05-08
T08t06,-12,-8,3.33,4,VLASS2.2,NaT
T08t07,-12,-8,4,4.67,VLASS1.1,2017-11-29
T08t07,-12,-8,4,4.67,VLASS2.1,2020-10-14
T08t08,-12,-8,4.67,5.33,VLASS1.1,2018-01-10
T08t08,-12,-8,4.67,5.33,VLASS2.1,2020-10-20
T08t09,-12,-8,5.33,6,VLASS2.1,2020-10-15
T08t09,-12,-8,5.33,6,VLASS1.1,2017-12-16
T08t10,-12,-8,6,6.67,VLASS1.1,2017-11-29
T08t10,-12,-8,6,6.67,VLASS2.1,2020-10-20
T08t11,-12,-8,6.67,7.33,VLASS2.1,2020-10-15
T08t11,-12,-8,6.67,7.33,VLASS1.1,2018-01-10
T08t12,-12,-8,7.33,8,VLASS1.1,2017-12-16
T08t12,-12,-8,7.33,8,VLASS2.1,2020-10-20
T08t13,-12,-8,8,8.67,VLASS2.2,NaT
T08t13,-12,-8,8,8.67,VLASS1.2,2019-04-17
T08t14,-12,-8,8.67,9.33,VLASS1.2,2019-06-07
T08t14,-12,-8,8.67,9.33,VLASS2.2,NaT
T08t15,-12,-8,9.33,10,VLASS1.2,2019-04-17
T08t15,-12,-8,9.33,10,VLASS2.2,NaT
T08t16,-12,-8,10,10.67,VLASS1.1,2018-01-30
T08t16,-12,-8,10,10.67,VLASS2.1,2020-09-18
T08t17,-12,-8,10.67,11.33,VLASS2.1,2020-11-24
T08t17,-12,-8,10.67,11.33,VLASS1.1,2018-02-01
T08t18,-12,-8,11.33,12,VLASS1.1,2018-02-18
T08t18,-12,-8,11.33,12,VLASS2.1,2020-11-24
T08t19,-12,-8,12,12.67,VLASS2.2,NaT
T08t19,-12,-8,12,12.67,VLASS1.2,2019-03-06
T08t20,-12,-8,12.67,13.33,VLASS1.2,2019-03-11
T08t20,-12,-8,12.67,13.33,VLASS2.2,NaT
T08t21,-12,-8,13.33,14,VLASS1.2,2019-03-06
T08t21,-12,-8,13.33,14,VLASS2.2,NaT
T08t22,-12,-8,14,14.67,VLASS1.1,2017-12-31
T08t22,-12,-8,14,14.67,VLASS2.1,2020-10-03
T08t23,-12,-8,14.67,15.33,VLASS1.1,2017-12-31
T08t23,-12,-8,14.67,15.33,VLASS2.1,2020-10-10
T08t24,-12,-8,15.33,16,VLASS1.1,2017-12-31
T08t24,-12,-8,15.33,16,VLASS2.1,2020-09-04
T08t25,-12,-8,16,16.67,VLASS2.2,NaT
T08t25,-12,-8,16,16.67,VLASS1.2,2019-06-22
T08t26,-12,-8,16.67,17.33,VLASS1.2,2019-06-14
T08t26,-12,-8,16.67,17.33,VLASS2.2,NaT
T08t27,-12,-8,17.33,18,VLASS2.2,NaT
T08t27,-12,-8,17.33,18,VLASS1.2,2019-06-03
T08t28,-12,-8,18,18.67,VLASS1.2,2019-03-10
T08t28,-12,-8,18,18.67,VLASS2.2,NaT
T08t29,-12,-8,18.67,19.33,VLASS2.2,NaT
T08t29,-12,-8,18.67,19.33,VLASS1.2,2019-06-14
T08t30,-12,-8,19.33,20,VLASS2.2,NaT
T08t30,-12,-8,19.33,20,VLASS1.2,2019-06-03
T08t31,-12,-8,20,20.67,VLASS1.1,2017-11-22
T08t31,-12,-8,20,20.67,VLASS2.1,2020-10-23
T08t32,-12,-8,20.67,21.33,VLASS1.1,2017-11-01
T08t32,-12,-8,20.67,21.33,VLASS2.1,2020-10-20
T08t33,-12,-8,21.33,22,VLASS2.1,2020-10-23
T08t33,-12,-8,21.33,22,VLASS1.1,2017-11-22
T08t34,-12,-8,22,22.67,VLASS2.2,NaT
T08t34,-12,-8,22,22.67,VLASS1.2,2019-06-01
T08t35,-12,-8,22.67,23.33,VLASS2.2,NaT
T08t35,-12,-8,22.67,23.33,VLASS1.2,2019-06-13
T08t36,-12,-8,23.33,24,VLASS1.2,2019-06-01
T08t36,-12,-8,23.33,24,VLASS2.2,NaT
T09t01,-8,-4,0,0.67,VLASS1.1,2017-11-28
T09t01,-8,-4,0,0.67,VLASS2.1,2020-07-10
T09t02,-8,-4,0.67,1.33,VLASS1.1,2017-11-22
T09t02,-8,-4,0.67,1.33,VLASS2.1,2020-09-13
T09t03,-8,-4,1.33,2,VLASS1.1,2017-12-03
T09t03,-8,-4,1.33,2,VLASS2.1,2020-08-07
T09t04,-8,-4,2,2.67,VLASS2.1,2020-07-10
T09t04,-8,-4,2,2.67,VLASS1.1,2017-11-30
T09t05,-8,-4,2.67,3.33,VLASS1.1,2017-11-28
T09t05,-8,-4,2.67,3.33,VLASS2.1,2020-09-13
T09t06,-8,-4,3.33,4,VLASS2.1,2020-08-07
T09t06,-8,-4,3.33,4,VLASS1.1,2017-12-01
T09t07,-8,-4,4,4.67,VLASS1.1,2017-11-30
T09t07,-8,-4,4,4.67,VLASS2.1,2020-07-10
T09t08,-8,-4,4.67,5.33,VLASS2.1,2020-09-13
T09t08,-8,-4,4.67,5.33,VLASS1.1,2017-11-28
T09t09,-8,-4,5.33,6,VLASS1.1,2017-12-01
T09t09,-8,-4,5.33,6,VLASS2.1,2020-08-07
T09t10,-8,-4,6,6.67,VLASS2.1,2020-10-09
T09t10,-8,-4,6,6.67,VLASS1.1,2017-11-30
T09t11,-8,-4,6.67,7.33,VLASS2.1,2020-08-11
T09t11,-8,-4,6.67,7.33,VLASS1.1,2017-11-28
T09t12,-8,-4,7.33,8,VLASS2.1,2020-08-22
T09t12,-8,-4,7.33,8,VLASS1.1,2017-12-01
T09t13,-8,-4,8,8.67,VLASS2.2,NaT
T09t13,-8,-4,8,8.67,VLASS1.2,2019-04-16
T09t14,-8,-4,8.67,9.33,VLASS2.2,NaT
T09t14,-8,-4,8.67,9.33,VLASS1.2,2019-04-02
T09t15,-8,-4,9.33,10,VLASS2.2,NaT
T09t15,-8,-4,9.33,10,VLASS1.2,2019-05-16
T09t16,-8,-4,10,10.67,VLASS1.2,2019-04-16
T09t16,-8,-4,10,10.67,VLASS2.2,NaT
T09t17,-8,-4,10.67,11.33,VLASS2.2,NaT
T09t17,-8,-4,10.67,11.33,VLASS1.2,2019-04-02
T09t18,-8,-4,11.33,12,VLASS2.2,NaT
T09t18,-8,-4,11.33,12,VLASS1.2,2019-05-16
T09t19,-8,-4,12,12.67,VLASS1.2,2019-04-16
T09t19,-8,-4,12,12.67,VLASS2.2,NaT
T09t20,-8,-4,12.67,13.33,VLASS1.2,2019-03-07
T09t20,-8,-4,12.67,13.33,VLASS2.2,NaT
T09t21,-8,-4,13.33,14,VLASS1.2,2019-06-16
T09t21,-8,-4,13.33,14,VLASS2.2,NaT
T09t22,-8,-4,14,14.67,VLASS2.2,NaT
T09t22,-8,-4,14,14.67,VLASS1.2,2019-06-17
T09t23,-8,-4,14.67,15.33,VLASS2.2,NaT
T09t23,-8,-4,14.67,15.33,VLASS1.2,2019-03-07
T09t24,-8,-4,15.33,16,VLASS1.2,2019-06-16
T09t24,-8,-4,15.33,16,VLASS2.2,NaT
T09t25,-8,-4,16,16.67,VLASS2.2,NaT
T09t25,-8,-4,16,16.67,VLASS1.2,2019-06-17
T09t26,-8,-4,16.67,17.33,VLASS1.2,2019-04-05
T09t26,-8,-4,16.67,17.33,VLASS2.2,NaT
T09t27,-8,-4,17.33,18,VLASS1.2,2019-04-16
T09t27,-8,-4,17.33,18,VLASS2.2,NaT
T09t28,-8,-4,18,18.67,VLASS1.2,2019-05-21
T09t28,-8,-4,18,18.67,VLASS2.2,NaT
T09t29,-8,-4,18.67,19.33,VLASS1.2,2019-04-05
T09t29,-8,-4,18.67,19.33,VLASS2.2,NaT
T09t30,-8,-4,19.33,20,VLASS2.2,NaT
T09t30,-8,-4,19.33,20,VLASS1.2,2019-04-16
T09t31,-8,-4,20,20.67,VLASS1.2,2019-05-21
T09t31,-8,-4,20,20.67,VLASS2.2,NaT
T09t32,-8,-4,20.67,21.33,VLASS1.2,2019-04-05
T09t32,-8,-4,20.67,21.33,VLASS2.2,NaT
T09t33,-8,-4,21.33,22,VLASS1.2,2019-04-16
T09t33,-8,-4,21.33,22,VLASS2.2,NaT
T09t34,-8,-4,22,22.67,VLASS1.1,2017-11-28
T09t34,-8,-4,22,22.67,VLASS2.1,2020-07-10
T09t35,-8,-4,22.67,23.33,VLASS2.1,2020-09-13
T09t35,-8,-4,22.67,23.33,VLASS1.1,2017-11-22
T09t36,-8,-4,23.33,24,VLASS2.1,2020-08-07
T09t36,-8,-4,23.33,24,VLASS1.1,2017-12-03
T10t01,-4,0,0,0.67,VLASS1.1,2017-12-15
T10t01,-4,0,0,0.67,VLASS2.1,2020-07-17
T10t02,-4,0,0.67,1.33,VLASS1.1,2017-12-15
T10t02,-4,0,0.67,1.33,VLASS2.1,2020-08-05
T10t03,-4,0,1.33,2,VLASS1.1,2017-12-15
T10t03,-4,0,1.33,2,VLASS2.1,2020-08-15
T10t04,-4,0,2,2.67,VLASS2.1,2020-09-26
T10t04,-4,0,2,2.67,VLASS1.1,2017-11-30
T10t05,-4,0,2.67,3.33,VLASS1.1,2017-12-15
T10t05,-4,0,2.67,3.33,VLASS2.1,2020-08-16
T10t06,-4,0,3.33,4,VLASS1.1,2017-12-15
T10t06,-4,0,3.33,4,VLASS2.1,2020-08-15
T10t07,-4,0,4,4.67,VLASS2.1,2020-07-19
T10t07,-4,0,4,4.67,VLASS1.1,2017-12-15
T10t08,-4,0,4.67,5.33,VLASS2.1,2020-08-16
T10t08,-4,0,4.67,5.33,VLASS1.1,2017-12-15
T10t09,-4,0,5.33,6,VLASS2.1,2020-08-15
T10t09,-4,0,5.33,6,VLASS1.1,2017-12-30
T10t10,-4,0,6,6.67,VLASS2.1,2020-07-19
T10t10,-4,0,6,6.67,VLASS1.1,2018-01-05
T10t11,-4,0,6.67,7.33,VLASS2.1,2020-08-16
T10t11,-4,0,6.67,7.33,VLASS1.1,2017-12-29
T10t12,-4,0,7.33,8,VLASS1.1,2018-01-12
T10t12,-4,0,7.33,8,VLASS2.1,2020-08-15
T10t13,-4,0,8,8.67,VLASS1.1,2018-01-16
T10t13,-4,0,8,8.67,VLASS2.1,2020-07-19
T10t14,-4,0,8.67,9.33,VLASS2.1,2020-08-16
T10t14,-4,0,8.67,9.33,VLASS1.1,2018-01-16
T10t15,-4,0,9.33,10,VLASS1.1,2018-01-02
T10t15,-4,0,9.33,10,VLASS2.1,2020-08-15
T10t16,-4,0,10,10.67,VLASS1.1,2018-01-06
T10t16,-4,0,10,10.67,VLASS2.1,2020-09-12
T10t17,-4,0,10.67,11.33,VLASS2.1,2020-08-11
T10t17,-4,0,10.67,11.33,VLASS1.1,2017-12-31
T10t18,-4,0,11.33,12,VLASS1.1,2018-01-12
T10t18,-4,0,11.33,12,VLASS2.1,2020-08-22
T10t19,-4,0,12,12.67,VLASS1.2,2019-05-14
T10t19,-4,0,12,12.67,VLASS2.2,NaT
T10t20,-4,0,12.67,13.33,VLASS2.2,NaT
T10t20,-4,0,12.67,13.33,VLASS1.2,2019-04-21
T10t21,-4,0,13.33,14,VLASS2.2,NaT
T10t21,-4,0,13.33,14,VLASS1.2,2019-03-24
T10t22,-4,0,14,14.67,VLASS1.2,2019-05-01
T10t22,-4,0,14,14.67,VLASS2.2,NaT
T10t23,-4,0,14.67,15.33,VLASS1.2,2019-04-23
T10t23,-4,0,14.67,15.33,VLASS2.2,NaT
T10t24,-4,0,15.33,16,VLASS2.2,NaT
T10t24,-4,0,15.33,16,VLASS1.2,2019-04-24
T10t25,-4,0,16,16.67,VLASS1.2,2019-05-21
T10t25,-4,0,16,16.67,VLASS2.2,NaT
T10t26,-4,0,16.67,17.33,VLASS2.2,NaT
T10t26,-4,0,16.67,17.33,VLASS1.2,2019-06-06
T10t27,-4,0,17.33,18,VLASS1.2,2019-06-11
T10t27,-4,0,17.33,18,VLASS2.2,NaT
T10t28,-4,0,18,18.67,VLASS2.1,2020-07-17
T10t28,-4,0,18,18.67,VLASS1.1,2017-12-09
T10t29,-4,0,18.67,19.33,VLASS1.1,2017-12-09
T10t29,-4,0,18.67,19.33,VLASS2.1,2020-08-05
T10t30,-4,0,19.33,20,VLASS2.1,2020-08-15
T10t30,-4,0,19.33,20,VLASS1.1,2017-12-15
T10t31,-4,0,20,20.67,VLASS1.1,2017-12-15
T10t31,-4,0,20,20.67,VLASS2.1,2020-07-17
T10t32,-4,0,20.67,21.33,VLASS2.1,2020-08-05
T10t32,-4,0,20.67,21.33,VLASS1.1,2017-12-15
T10t33,-4,0,21.33,22,VLASS2.1,2020-08-15
T10t33,-4,0,21.33,22,VLASS1.1,2017-12-15
T10t34,-4,0,22,22.67,VLASS2.1,2020-07-17
T10t34,-4,0,22,22.67,VLASS1.1,2017-12-15
T10t35,-4,0,22.67,23.33,VLASS1.1,2017-12-15
T10t35,-4,0,22.67,23.33,VLASS2.1,2020-08-05
T10t36,-4,0,23.33,24,VLASS1.1,2017-12-15
T10t36,-4,0,23.33,24,VLASS2.1,2020-08-15
T11t01,0,4,0,0.67,VLASS2.1,2020-08-07
T11t01,0,4,0,0.67,VLASS1.1,2017-09-29
T11t02,0,4,0.67,1.33,VLASS1.1,2017-10-16
T11t02,0,4,0.67,1.33,VLASS2.1,2020-08-31
T11t03,0,4,1.33,2,VLASS2.1,2020-09-04
T11t03,0,4,1.33,2,VLASS1.1,2017-09-27
T11t04,0,4,2,2.67,VLASS1.1,2017-11-30
T11t04,0,4,2,2.67,VLASS2.1,2020-07-17
T11t05,0,4,2.67,3.33,VLASS1.1,2017-11-20
T11t05,0,4,2.67,3.33,VLASS2.1,2020-09-07
T11t06,0,4,3.33,4,VLASS1.1,2017-11-19
T11t06,0,4,3.33,4,VLASS2.1,2020-09-05
T11t07,0,4,4,4.67,VLASS1.1,2017-10-01
T11t07,0,4,4,4.67,VLASS2.1,2020-07-17
T11t08,0,4,4.67,5.33,VLASS1.1,2017-09-30
T11t08,0,4,4.67,5.33,VLASS2.1,2020-09-07
T11t09,0,4,5.33,6,VLASS2.1,2020-09-05
T11t09,0,4,5.33,6,VLASS1.1,2017-12-30
T11t10,0,4,6,6.67,VLASS2.1,2020-07-17
T11t10,0,4,6,6.67,VLASS1.1,2018-01-05
T11t11,0,4,6.67,7.33,VLASS1.1,2017-12-29
T11t11,0,4,6.67,7.33,VLASS2.1,2020-09-07
T11t12,0,4,7.33,8,VLASS1.1,2018-01-12
T11t12,0,4,7.33,8,VLASS2.1,2020-09-05
T11t13,0,4,8,8.67,VLASS2.1,2020-07-17
T11t13,0,4,8,8.67,VLASS1.1,2017-10-01
T11t14,0,4,8.67,9.33,VLASS1.1,2017-09-30
T11t14,0,4,8.67,9.33,VLASS2.1,2020-09-07
T11t15,0,4,9.33,10,VLASS1.1,2018-01-02
T11t15,0,4,9.33,10,VLASS2.1,2020-09-05
T11t16,0,4,10,10.67,VLASS1.1,2018-01-06
T11t16,0,4,10,10.67,VLASS2.1,2020-09-12
T11t17,0,4,10.67,11.33,VLASS1.1,2017-12-31
T11t17,0,4,10.67,11.33,VLASS2.1,2020-08-11
T11t18,0,4,11.33,12,VLASS1.1,2018-01-12
T11t18,0,4,11.33,12,VLASS2.1,2020-08-22
T11t19,0,4,12,12.67,VLASS2.2,NaT
T11t19,0,4,12,12.67,VLASS1.2,2019-05-14
T11t20,0,4,12.67,13.33,VLASS1.2,2019-04-21
T11t20,0,4,12.67,13.33,VLASS2.2,NaT
T11t21,0,4,13.33,14,VLASS1.2,2019-03-24
T11t21,0,4,13.33,14,VLASS2.2,NaT
T11t22,0,4,14,14.67,VLASS1.2,2019-04-02
T11t22,0,4,14,14.67,VLASS2.2,NaT
T11t23,0,4,14.67,15.33,VLASS2.2,NaT
T11t23,0,4,14.67,15.33,VLASS1.2,2019-04-23
T11t24,0,4,15.33,16,VLASS2.2,NaT
T11t24,0,4,15.33,16,VLASS1.2,2019-04-24
T11t25,0,4,16,16.67,VLASS1.2,2019-05-21
T11t25,0,4,16,16.67,VLASS2.2,NaT
T11t26,0,4,16.67,17.33,VLASS1.2,2019-06-06
T11t26,0,4,16.67,17.33,VLASS2.2,NaT
T11t27,0,4,17.33,18,VLASS2.2,NaT
T11t27,0,4,17.33,18,VLASS1.2,2019-06-11
T11t28,0,4,18,18.67,VLASS2.1,2020-08-07
T11t28,0,4,18,18.67,VLASS1.1,2017-09-27
T11t29,0,4,18.67,19.33,VLASS2.1,2020-07-21
T11t29,0,4,18.67,19.33,VLASS1.1,2017-11-13
T11t30,0,4,19.33,20,VLASS1.1,2017-09-24
T11t30,0,4,19.33,20,VLASS2.1,2020-07-19
T11t31,0,4,20,20.67,VLASS2.1,2020-08-07
T11t31,0,4,20,20.67,VLASS1.1,2017-09-29
T11t32,0,4,20.67,21.33,VLASS2.1,2020-07-21
T11t32,0,4,20.67,21.33,VLASS1.1,2017-10-16
T11t33,0,4,21.33,22,VLASS1.1,2017-09-27
T11t33,0,4,21.33,22,VLASS2.1,2020-07-19
T11t34,0,4,22,22.67,VLASS2.1,2020-08-07
T11t34,0,4,22,22.67,VLASS1.1,2017-09-27
T11t35,0,4,22.67,23.33,VLASS1.1,2017-11-13
T11t35,0,4,22.67,23.33,VLASS2.1,2020-08-31
T11t36,0,4,23.33,24,VLASS1.1,2017-09-24
T11t36,0,4,23.33,24,VLASS2.1,2020-09-04
T12t01,4,8,0,0.67,VLASS1.1,2017-10-01
T12t01,4,8,0,0.67,VLASS2.1,2020-08-17
T12t02,4,8,0.67,1.33,VLASS2.1,2020-08-06
T12t02,4,8,0.67,1.33,VLASS1.1,2017-10-23
T12t03,4,8,1.33,2,VLASS2.1,2020-08-17
T12t03,4,8,1.33,2,VLASS1.1,2017-10-20
T12t04,4,8,2,2.67,VLASS2.1,2020-08-06
T12t04,4,8,2,2.67,VLASS1.1,2017-11-06
T12t05,4,8,2.67,3.33,VLASS2.1,2020-08-17
T12t05,4,8,2.67,3.33,VLASS1.1,2017-09-15
T12t06,4,8,3.33,4,VLASS2.1,2020-08-06
T12t06,4,8,3.33,4,VLASS1.1,2017-12-04
T12t07,4,8,4,4.67,VLASS1.1,2017-11-06
T12t07,4,8,4,4.67,VLASS2.1,2020-08-17
T12t08,4,8,4.67,5.33,VLASS2.1,2020-08-06
T12t08,4,8,4.67,5.33,VLASS1.1,2017-11-27
T12t09,4,8,5.33,6,VLASS2.1,2020-08-09
T12t09,4,8,5.33,6,VLASS1.1,2017-10-02
T12t10,4,8,6,6.67,VLASS1.1,2017-11-18
T12t10,4,8,6,6.67,VLASS2.1,2020-08-08
T12t11,4,8,6.67,7.33,VLASS1.1,2017-09-15
T12t11,4,8,6.67,7.33,VLASS2.1,2020-08-09
T12t12,4,8,7.33,8,VLASS1.1,2017-11-25
T12t12,4,8,7.33,8,VLASS2.1,2020-08-08
T12t13,4,8,8,8.67,VLASS2.1,2020-08-09
T12t13,4,8,8,8.67,VLASS1.1,2017-11-18
T12t14,4,8,8.67,9.33,VLASS1.1,2017-11-21
T12t14,4,8,8.67,9.33,VLASS2.1,2020-08-08
T12t15,4,8,9.33,10,VLASS1.1,2017-10-02
T12t15,4,8,9.33,10,VLASS2.1,2020-08-09
T12t16,4,8,10,10.67,VLASS2.1,2020-08-08
T12t16,4,8,10,10.67,VLASS1.1,2017-11-26
T12t17,4,8,10.67,11.33,VLASS2.1,2020-07-21
T12t17,4,8,10.67,11.33,VLASS1.1,2017-11-22
T12t18,4,8,11.33,12,VLASS1.1,2018-01-03
T12t18,4,8,11.33,12,VLASS2.1,2020-07-21
T12t19,4,8,12,12.67,VLASS2.2,NaT
T12t19,4,8,12,12.67,VLASS1.2,2019-05-01
T12t20,4,8,12.67,13.33,VLASS2.2,NaT
T12t20,4,8,12.67,13.33,VLASS1.2,2019-05-15
T12t21,4,8,13.33,14,VLASS1.2,2019-04-22
T12t21,4,8,13.33,14,VLASS2.2,NaT
T12t22,4,8,14,14.67,VLASS1.2,2019-05-08
T12t22,4,8,14,14.67,VLASS2.2,NaT
T12t23,4,8,14.67,15.33,VLASS2.2,NaT
T12t23,4,8,14.67,15.33,VLASS1.2,2019-03-12
T12t24,4,8,15.33,16,VLASS1.2,2019-03-14
T12t24,4,8,15.33,16,VLASS2.2,NaT
T12t25,4,8,16,16.67,VLASS2.2,NaT
T12t25,4,8,16,16.67,VLASS1.2,2019-03-18
T12t26,4,8,16.67,17.33,VLASS1.2,2019-06-12
T12t26,4,8,16.67,17.33,VLASS2.2,NaT
T12t27,4,8,17.33,18,VLASS2.2,NaT
T12t27,4,8,17.33,18,VLASS1.2,2019-06-18
T12t28,4,8,18,18.67,VLASS2.2,NaT
T12t28,4,8,18,18.67,VLASS1.2,2019-03-17
T12t29,4,8,18.67,19.33,VLASS1.1,2017-10-23
T12t29,4,8,18.67,19.33,VLASS2.1,2020-08-12
T12t30,4,8,19.33,20,VLASS2.1,2020-08-10
T12t30,4,8,19.33,20,VLASS1.1,2017-10-20
T12t31,4,8,20,20.67,VLASS1.1,2017-10-01
T12t31,4,8,20,20.67,VLASS2.1,2020-08-12
T12t32,4,8,20.67,21.33,VLASS1.1,2017-10-23
T12t32,4,8,20.67,21.33,VLASS2.1,2020-08-10
T12t33,4,8,21.33,22,VLASS2.1,2020-08-12
T12t33,4,8,21.33,22,VLASS1.1,2017-10-20
T12t34,4,8,22,22.67,VLASS1.1,2017-09-22
T12t34,4,8,22,22.67,VLASS2.1,2020-08-10
T12t35,4,8,22.67,23.33,VLASS2.1,2020-08-12
T12t35,4,8,22.67,23.33,VLASS1.1,2017-10-23
T12t36,4,8,23.33,24,VLASS2.1,2020-08-10
T12t36,4,8,23.33,24,VLASS1.1,2017-10-20
T13t01,8,12,0,0.67,VLASS1.1,2017-10-01
T13t01,8,12,0,0.67,VLASS2.1,2020-08-18
T13t02,8,12,0.67,1.33,VLASS2.1,2020-09-19
T13t02,8,12,0.67,1.33,VLASS1.1,2017-11-27
T13t03,8,12,1.33,2,VLASS1.1,2017-10-25
T13t03,8,12,1.33,2,VLASS2.1,2020-08-18
T13t04,8,12,2,2.67,VLASS2.1,2020-09-19
T13t04,8,12,2,2.67,VLASS1.1,2017-10-18
T13t05,8,12,2.67,3.33,VLASS1.1,2017-09-15
T13t05,8,12,2.67,3.33,VLASS2.1,2020-08-18
T13t06,8,12,3.33,4,VLASS1.1,2017-12-04
T13t06,8,12,3.33,4,VLASS2.1,2020-09-19
T13t07,8,12,4,4.67,VLASS2.1,2020-08-18
T13t07,8,12,4,4.67,VLASS1.1,2017-10-18
T13t08,8,12,4.67,5.33,VLASS2.1,2020-09-19
T13t08,8,12,4.67,5.33,VLASS1.1,2017-11-27
T13t09,8,12,5.33,6,VLASS1.1,2017-10-02
T13t09,8,12,5.33,6,VLASS2.1,2020-09-21
T13t10,8,12,6,6.67,VLASS2.1,2020-07-18
T13t10,8,12,6,6.67,VLASS1.1,2017-10-18
T13t11,8,12,6.67,7.33,VLASS2.1,2020-09-21
T13t11,8,12,6.67,7.33,VLASS1.1,2017-09-15
T13t12,8,12,7.33,8,VLASS2.1,2020-07-18
T13t12,8,12,7.33,8,VLASS1.1,2017-11-25
T13t13,8,12,8,8.67,VLASS1.1,2017-10-18
T13t13,8,12,8,8.67,VLASS2.1,2020-09-21
T13t14,8,12,8.67,9.33,VLASS2.1,2020-07-18
T13t14,8,12,8.67,9.33,VLASS1.1,2017-11-21
T13t15,8,12,9.33,10,VLASS2.1,2020-09-21
T13t15,8,12,9.33,10,VLASS1.1,2017-10-02
T13t16,8,12,10,10.67,VLASS2.1,2020-07-18
T13t16,8,12,10,10.67,VLASS1.1,2017-11-26
T13t17,8,12,10.67,11.33,VLASS2.1,2020-07-21
T13t17,8,12,10.67,11.33,VLASS1.1,2017-11-22
T13t18,8,12,11.33,12,VLASS1.1,2018-01-03
T13t18,8,12,11.33,12,VLASS2.1,2020-07-21
T13t19,8,12,12,12.67,VLASS1.2,2019-05-01
T13t19,8,12,12,12.67,VLASS2.2,NaT
T13t20,8,12,12.67,13.33,VLASS2.2,NaT
T13t20,8,12,12.67,13.33,VLASS1.2,2019-05-15
T13t21,8,12,13.33,14,VLASS1.2,2019-04-22
T13t21,8,12,13.33,14,VLASS2.2,NaT
T13t22,8,12,14,14.67,VLASS2.2,NaT
T13t22,8,12,14,14.67,VLASS1.2,2019-05-08
T13t23,8,12,14.67,15.33,VLASS1.2,2019-03-12
T13t23,8,12,14.67,15.33,VLASS2.2,NaT
T13t24,8,12,15.33,16,VLASS2.2,NaT
T13t24,8,12,15.33,16,VLASS1.2,2019-03-14
T13t25,8,12,16,16.67,VLASS1.2,2019-03-18
T13t25,8,12,16,16.67,VLASS2.2,NaT
T13t26,8,12,16.67,17.33,VLASS2.2,NaT
T13t26,8,12,16.67,17.33,VLASS1.2,2019-06-12
T13t27,8,12,17.33,18,VLASS2.2,NaT
T13t27,8,12,17.33,18,VLASS1.2,2019-06-18
T13t28,8,12,18,18.67,VLASS1.2,2019-03-17
T13t28,8,12,18,18.67,VLASS2.2,NaT
T13t29,8,12,18.67,19.33,VLASS1.1,2017-10-27
T13t29,8,12,18.67,19.33,VLASS2.1,2020-08-30
T13t30,8,12,19.33,20,VLASS1.1,2017-10-25
T13t30,8,12,19.33,20,VLASS2.1,2020-08-29
T13t31,8,12,20,20.67,VLASS2.1,2020-08-30
T13t31,8,12,20,20.67,VLASS1.1,2017-10-01
T13t32,8,12,20.67,21.33,VLASS1.1,2017-10-27
T13t32,8,12,20.67,21.33,VLASS2.1,2020-08-29
T13t33,8,12,21.33,22,VLASS2.1,2020-08-30
T13t33,8,12,21.33,22,VLASS1.1,2017-10-25
T13t34,8,12,22,22.67,VLASS2.1,2020-08-29
T13t34,8,12,22,22.67,VLASS1.1,2017-09-22
T13t35,8,12,22.67,23.33,VLASS2.1,2020-08-30
T13t35,8,12,22.67,23.33,VLASS1.1,2017-10-27
T13t36,8,12,23.33,24,VLASS2.1,2020-08-29
T13t36,8,12,23.33,24,VLASS1.1,2017-10-25
T14t01,12,16,0,0.67,VLASS1.1,2017-10-05
T14t01,12,16,0,0.67,VLASS2.1,2020-08-09
T14t02,12,16,0.67,1.33,VLASS1.1,2017-10-08
T14t02,12,16,0.67,1.33,VLASS2.1,2020-07-16
T14t03,12,16,1.33,2,VLASS2.1,2020-08-02
T14t03,12,16,1.33,2,VLASS1.1,2017-10-07
T14t04,12,16,2,2.67,VLASS2.1,2020-08-01
T14t04,12,16,2,2.67,VLASS1.1,2017-10-05
T14t05,12,16,2.67,3.33,VLASS1.1,2018-01-04
T14t05,12,16,2.67,3.33,VLASS2.1,2020-08-02
T14t06,12,16,3.33,4,VLASS1.1,2017-10-07
T14t06,12,16,3.33,4,VLASS2.1,2020-08-01
T14t07,12,16,4,4.67,VLASS1.1,2017-10-14
T14t07,12,16,4,4.67,VLASS2.1,2020-08-02
T14t08,12,16,4.67,5.33,VLASS2.1,2020-08-01
T14t08,12,16,4.67,5.33,VLASS1.1,2017-10-03
T14t09,12,16,5.33,6,VLASS2.1,2020-08-02
T14t09,12,16,5.33,6,VLASS1.1,2017-10-12
T14t10,12,16,6,6.67,VLASS2.1,2020-08-01
T14t10,12,16,6,6.67,VLASS1.1,2017-10-14
T14t11,12,16,6.67,7.33,VLASS1.1,2017-10-03
T14t11,12,16,6.67,7.33,VLASS2.1,2020-08-18
T14t12,12,16,7.33,8,VLASS1.1,2017-10-12
T14t12,12,16,7.33,8,VLASS2.1,2020-08-04
T14t13,12,16,8,8.67,VLASS2.1,2020-08-18
T14t13,12,16,8,8.67,VLASS1.1,2017-10-06
T14t14,12,16,8.67,9.33,VLASS1.1,2017-12-28
T14t14,12,16,8.67,9.33,VLASS2.1,2020-10-11
T14t15,12,16,9.33,10,VLASS2.1,2020-10-03
T14t15,12,16,9.33,10,VLASS1.1,2017-10-28
T14t16,12,16,10,10.67,VLASS2.1,2020-10-11
T14t16,12,16,10,10.67,VLASS1.1,2017-10-06
T14t17,12,16,10.67,11.33,VLASS2.1,2020-08-18
T14t17,12,16,10.67,11.33,VLASS1.1,2017-12-28
T14t18,12,16,11.33,12,VLASS2.1,2020-10-11
T14t18,12,16,11.33,12,VLASS1.1,2017-10-28
T14t19,12,16,12,12.67,VLASS2.2,NaT
T14t19,12,16,12,12.67,VLASS1.2,2019-04-17
T14t20,12,16,12.67,13.33,VLASS1.2,2019-04-25
T14t20,12,16,12.67,13.33,VLASS2.2,NaT
T14t21,12,16,13.33,14,VLASS2.2,NaT
T14t21,12,16,13.33,14,VLASS1.2,2019-04-11
T14t22,12,16,14,14.67,VLASS1.2,2019-04-17
T14t22,12,16,14,14.67,VLASS2.2,NaT
T14t23,12,16,14.67,15.33,VLASS2.2,NaT
T14t23,12,16,14.67,15.33,VLASS1.2,2019-04-25
T14t24,12,16,15.33,16,VLASS2.2,NaT
T14t24,12,16,15.33,16,VLASS1.2,2019-04-11
T14t25,12,16,16,16.67,VLASS1.2,2019-04-15
T14t25,12,16,16,16.67,VLASS2.2,NaT
T14t26,12,16,16.67,17.33,VLASS1.2,2019-04-02
T14t26,12,16,16.67,17.33,VLASS2.2,NaT
T14t27,12,16,17.33,18,VLASS1.2,2019-03-30
T14t27,12,16,17.33,18,VLASS2.2,NaT
T14t28,12,16,18,18.67,VLASS2.2,NaT
T14t28,12,16,18,18.67,VLASS1.2,2019-04-15
T14t29,12,16,18.67,19.33,VLASS1.2,2019-04-02
T14t29,12,16,18.67,19.33,VLASS2.2,NaT
T14t30,12,16,19.33,20,VLASS1.2,2019-03-30
T14t30,12,16,19.33,20,VLASS2.2,NaT
T14t31,12,16,20,20.67,VLASS1.1,2017-10-05
T14t31,12,16,20,20.67,VLASS2.1,2020-08-09
T14t32,12,16,20.67,21.33,VLASS1.1,2017-10-08
T14t32,12,16,20.67,21.33,VLASS2.1,2020-07-16
T14t33,12,16,21.33,22,VLASS2.1,2020-08-09
T14t33,12,16,21.33,22,VLASS1.1,2017-10-07
T14t34,12,16,22,22.67,VLASS1.1,2017-10-05
T14t34,12,16,22,22.67,VLASS2.1,2020-07-16
T14t35,12,16,22.67,23.33,VLASS2.1,2020-08-09
T14t35,12,16,22.67,23.33,VLASS1.1,2017-10-08
T14t36,12,16,23.33,24,VLASS1.1,2017-10-07
T14t36,12,16,23.33,24,VLASS2.1,2020-07-16
T15t01,16,20,0,0.75,VLASS1.2,2019-05-10
T15t01,16,20,0,0.75,VLASS2.2,NaT
T15t02,16,20,0.75,1.5,VLASS2.2,NaT
T15t02,16,20,0.75,1.5,VLASS1.2,2019-05-05
T15t03,16,20,1.5,2.25,VLASS1.2,2019-03-09
T15t03,16,20,1.5,2.25,VLASS2.2,NaT
T15t04,16,20,2.25,3,VLASS1.2,2019-06-07
T15t04,16,20,2.25,3,VLASS2.2,NaT
T15t05,16,20,3,3.75,VLASS1.2,2019-03-24
T15t05,16,20,3,3.75,VLASS2.2,NaT
T15t06,16,20,3.75,4.5,VLASS1.2,2019-04-05
T15t06,16,20,3.75,4.5,VLASS2.2,NaT
T15t07,16,20,4.5,5.25,VLASS2.2,NaT
T15t07,16,20,4.5,5.25,VLASS1.2,2019-03-22
T15t08,16,20,5.25,6,VLASS2.2,NaT
T15t08,16,20,5.25,6,VLASS1.2,2019-03-31
T15t09,16,20,6,6.75,VLASS1.2,2019-04-12
T15t09,16,20,6,6.75,VLASS2.2,NaT
T15t10,16,20,6.75,7.5,VLASS2.2,NaT
T15t10,16,20,6.75,7.5,VLASS1.2,2019-03-29
T15t11,16,20,7.5,8.25,VLASS1.2,2019-04-14
T15t11,16,20,7.5,8.25,VLASS2.2,NaT
T15t12,16,20,8.25,9,VLASS1.2,2019-04-13
T15t12,16,20,8.25,9,VLASS2.2,NaT
T15t13,16,20,9,9.75,VLASS2.2,NaT
T15t13,16,20,9,9.75,VLASS1.2,2019-04-21
T15t14,16,20,9.75,10.5,VLASS2.2,NaT
T15t14,16,20,9.75,10.5,VLASS1.2,2019-04-18
T15t15,16,20,10.5,11.25,VLASS1.2,2019-04-20
T15t15,16,20,10.5,11.25,VLASS2.2,NaT
T15t16,16,20,11.25,12,VLASS1.2,2019-04-19
T15t16,16,20,11.25,12,VLASS2.2,NaT
T15t17,16,20,12,12.75,VLASS1.2,2019-03-21
T15t17,16,20,12,12.75,VLASS2.2,NaT
T15t18,16,20,12.75,13.5,VLASS2.2,NaT
T15t18,16,20,12.75,13.5,VLASS1.2,2019-04-12
T15t19,16,20,13.5,14.25,VLASS1.2,2019-04-01
T15t19,16,20,13.5,14.25,VLASS2.2,NaT
T15t20,16,20,14.25,15,VLASS1.2,2019-03-31
T15t20,16,20,14.25,15,VLASS2.2,NaT
T15t21,16,20,15,15.75,VLASS1.2,2019-03-21
T15t21,16,20,15,15.75,VLASS2.2,NaT
T15t22,16,20,15.75,16.5,VLASS2.2,NaT
T15t22,16,20,15.75,16.5,VLASS1.2,2019-04-12
T15t23,16,20,16.5,17.25,VLASS2.2,NaT
T15t23,16,20,16.5,17.25,VLASS1.2,2019-04-01
T15t24,16,20,17.25,18,VLASS2.2,NaT
T15t24,16,20,17.25,18,VLASS1.2,2019-03-31
T15t25,16,20,18,18.75,VLASS1.2,2019-03-23
T15t25,16,20,18,18.75,VLASS2.2,NaT
T15t26,16,20,18.75,19.5,VLASS2.2,NaT
T15t26,16,20,18.75,19.5,VLASS1.2,2019-03-26
T15t27,16,20,19.5,20.25,VLASS2.2,NaT
T15t27,16,20,19.5,20.25,VLASS1.2,2019-04-20
T15t28,16,20,20.25,21,VLASS2.2,NaT
T15t28,16,20,20.25,21,VLASS1.2,2019-05-05
T15t29,16,20,21,21.75,VLASS2.2,NaT
T15t29,16,20,21,21.75,VLASS1.2,2019-04-22
T15t30,16,20,21.75,22.5,VLASS2.2,NaT
T15t30,16,20,21.75,22.5,VLASS1.2,2019-04-30
T15t31,16,20,22.5,23.25,VLASS1.2,2019-05-20
T15t31,16,20,22.5,23.25,VLASS2.2,NaT
T15t32,16,20,23.25,24,VLASS2.2,NaT
T15t32,16,20,23.25,24,VLASS1.2,2019-04-21
T16t01,20,24,0,0.75,VLASS1.2,2019-05-10
T16t01,20,24,0,0.75,VLASS2.2,NaT
T16t02,20,24,0.75,1.5,VLASS2.2,NaT
T16t02,20,24,0.75,1.5,VLASS1.2,2019-05-05
T16t03,20,24,1.5,2.25,VLASS2.2,NaT
T16t03,20,24,1.5,2.25,VLASS1.2,2019-03-09
T16t04,20,24,2.25,3,VLASS1.2,2019-06-07
T16t04,20,24,2.25,3,VLASS2.2,NaT
T16t05,20,24,3,3.75,VLASS2.2,NaT
T16t05,20,24,3,3.75,VLASS1.2,2019-03-24
T16t06,20,24,3.75,4.5,VLASS2.2,NaT
T16t06,20,24,3.75,4.5,VLASS1.2,2019-04-05
T16t07,20,24,4.5,5.25,VLASS1.2,2019-03-22
T16t07,20,24,4.5,5.25,VLASS2.2,NaT
T16t08,20,24,5.25,6,VLASS2.2,NaT
T16t08,20,24,5.25,6,VLASS1.2,2019-03-31
T16t09,20,24,6,6.75,VLASS1.2,2019-04-12
T16t09,20,24,6,6.75,VLASS2.2,NaT
T16t10,20,24,6.75,7.5,VLASS1.2,2019-03-29
T16t10,20,24,6.75,7.5,VLASS2.2,NaT
T16t11,20,24,7.5,8.25,VLASS1.2,2019-04-14
T16t11,20,24,7.5,8.25,VLASS2.2,NaT
T16t12,20,24,8.25,9,VLASS1.2,2019-04-13
T16t12,20,24,8.25,9,VLASS2.2,NaT
T16t13,20,24,9,9.75,VLASS1.2,2019-04-21
T16t13,20,24,9,9.75,VLASS2.2,NaT
T16t14,20,24,9.75,10.5,VLASS1.2,2019-04-18
T16t14,20,24,9.75,10.5,VLASS2.2,NaT
T16t15,20,24,10.5,11.25,VLASS2.2,NaT
T16t15,20,24,10.5,11.25,VLASS1.2,2019-04-20
T16t16,20,24,11.25,12,VLASS2.2,NaT
T16t16,20,24,11.25,12,VLASS1.2,2019-04-19
T16t17,20,24,12,12.75,VLASS2.1,2020-08-07
T16t17,20,24,12,12.75,VLASS1.1,2017-10-20
T16t18,20,24,12.75,13.5,VLASS2.1,2020-07-15
T16t18,20,24,12.75,13.5,VLASS1.1,2017-09-25
T16t19,20,24,13.5,14.25,VLASS2.1,2020-08-07
T16t19,20,24,13.5,14.25,VLASS1.1,2017-09-21
T16t20,20,24,14.25,15,VLASS1.1,2017-11-17
T16t20,20,24,14.25,15,VLASS2.1,2020-07-15
T16t21,20,24,15,15.75,VLASS2.1,2020-08-07
T16t21,20,24,15,15.75,VLASS1.1,2017-10-20
T16t22,20,24,15.75,16.5,VLASS2.1,2020-07-15
T16t22,20,24,15.75,16.5,VLASS1.1,2017-09-25
T16t23,20,24,16.5,17.25,VLASS1.1,2017-09-21
T16t23,20,24,16.5,17.25,VLASS2.1,2020-08-07
T16t24,20,24,17.25,18,VLASS1.1,2017-11-17
T16t24,20,24,17.25,18,VLASS2.1,2020-07-15
T16t25,20,24,18,18.75,VLASS1.2,2019-03-23
T16t25,20,24,18,18.75,VLASS2.2,NaT
T16t26,20,24,18.75,19.5,VLASS2.2,NaT
T16t26,20,24,18.75,19.5,VLASS1.2,2019-03-26
T16t27,20,24,19.5,20.25,VLASS1.2,2019-04-20
T16t27,20,24,19.5,20.25,VLASS2.2,NaT
T16t28,20,24,20.25,21,VLASS1.2,2019-05-05
T16t28,20,24,20.25,21,VLASS2.2,NaT
T16t29,20,24,21,21.75,VLASS2.2,NaT
T16t29,20,24,21,21.75,VLASS1.2,2019-04-22
T16t30,20,24,21.75,22.5,VLASS2.2,NaT
T16t30,20,24,21.75,22.5,VLASS1.2,2019-05-22
T16t31,20,24,22.5,23.25,VLASS2.2,NaT
T16t31,20,24,22.5,23.25,VLASS1.2,2019-05-20
T16t32,20,24,23.25,24,VLASS2.2,NaT
T16t32,20,24,23.25,24,VLASS1.2,2019-04-21
T17t01,24,28,0,0.75,VLASS1.2,2019-03-15
T17t01,24,28,0,0.75,VLASS2.2,NaT
T17t02,24,28,0.75,1.5,VLASS1.2,2019-03-23
T17t02,24,28,0.75,1.5,VLASS2.2,NaT
T17t03,24,28,1.5,2.25,VLASS1.2,2019-03-17
T17t03,24,28,1.5,2.25,VLASS2.2,NaT
T17t04,24,28,2.25,3,VLASS2.2,NaT
T17t04,24,28,2.25,3,VLASS1.2,2019-04-04
T17t05,24,28,3,3.75,VLASS2.2,NaT
T17t05,24,28,3,3.75,VLASS1.2,2019-03-15
T17t06,24,28,3.75,4.5,VLASS1.2,2019-03-23
T17t06,24,28,3.75,4.5,VLASS2.2,NaT
T17t07,24,28,4.5,5.25,VLASS1.2,2019-03-17
T17t07,24,28,4.5,5.25,VLASS2.2,NaT
T17t08,24,28,5.25,6,VLASS1.2,2019-04-04
T17t08,24,28,5.25,6,VLASS2.2,NaT
T17t09,24,28,6,6.75,VLASS1.2,2019-04-16
T17t09,24,28,6,6.75,VLASS2.2,NaT
T17t10,24,28,6.75,7.5,VLASS2.2,NaT
T17t10,24,28,6.75,7.5,VLASS1.2,2019-04-19
T17t11,24,28,7.5,8.25,VLASS1.2,2019-04-10
T17t11,24,28,7.5,8.25,VLASS2.2,NaT
T17t12,24,28,8.25,9,VLASS1.2,2019-04-12
T17t12,24,28,8.25,9,VLASS2.2,NaT
T17t13,24,28,9,9.75,VLASS1.2,2019-04-16
T17t13,24,28,9,9.75,VLASS2.2,NaT
T17t14,24,28,9.75,10.5,VLASS2.2,NaT
T17t14,24,28,9.75,10.5,VLASS1.2,2019-04-19
T17t15,24,28,10.5,11.25,VLASS2.2,NaT
T17t15,24,28,10.5,11.25,VLASS1.2,2019-06-07
T17t16,24,28,11.25,12,VLASS2.2,NaT
T17t16,24,28,11.25,12,VLASS1.2,2019-04-12
T17t17,24,28,12,12.75,VLASS2.1,2020-09-06
T17t17,24,28,12,12.75,VLASS1.1,2017-11-24
T17t18,24,28,12.75,13.5,VLASS1.1,2017-11-25
T17t18,24,28,12.75,13.5,VLASS2.1,2020-09-07
T17t19,24,28,13.5,14.25,VLASS2.1,2020-09-06
T17t19,24,28,13.5,14.25,VLASS1.1,2017-10-01
T17t20,24,28,14.25,15,VLASS2.1,2020-09-07
T17t20,24,28,14.25,15,VLASS1.1,2017-11-12
T17t21,24,28,15,15.75,VLASS1.1,2017-10-02
T17t21,24,28,15,15.75,VLASS2.1,2020-09-06
T17t22,24,28,15.75,16.5,VLASS1.1,2017-11-24
T17t22,24,28,15.75,16.5,VLASS2.1,2020-09-04
T17t23,24,28,16.5,17.25,VLASS2.1,2020-09-06
T17t23,24,28,16.5,17.25,VLASS1.1,2017-11-25
T17t24,24,28,17.25,18,VLASS1.1,2017-10-01
T17t24,24,28,17.25,18,VLASS2.1,2020-09-04
T17t25,24,28,18,18.75,VLASS2.2,NaT
T17t25,24,28,18,18.75,VLASS1.2,2019-05-07
T17t26,24,28,18.75,19.5,VLASS2.2,NaT
T17t26,24,28,18.75,19.5,VLASS1.2,2019-05-17
T17t27,24,28,19.5,20.25,VLASS2.2,NaT
T17t27,24,28,19.5,20.25,VLASS1.2,2019-05-26
T17t28,24,28,20.25,21,VLASS1.2,2019-05-16
T17t28,24,28,20.25,21,VLASS2.2,NaT
T17t29,24,28,21,21.75,VLASS2.2,NaT
T17t29,24,28,21,21.75,VLASS1.2,2019-05-07
T17t30,24,28,21.75,22.5,VLASS2.2,NaT
T17t30,24,28,21.75,22.5,VLASS1.2,2019-05-17
T17t31,24,28,22.5,23.25,VLASS2.2,NaT
T17t31,24,28,22.5,23.25,VLASS1.2,2019-05-26
T17t32,24,28,23.25,24,VLASS1.2,2019-05-16
T17t32,24,28,23.25,24,VLASS2.2,NaT
T18t01,28,32,0,0.75,VLASS1.2,2019-03-29
T18t01,28,32,0,0.75,VLASS2.2,NaT
T18t02,28,32,0.75,1.5,VLASS2.2,NaT
T18t02,28,32,0.75,1.5,VLASS1.2,2019-03-19
T18t03,28,32,1.5,2.25,VLASS1.2,2019-04-07
T18t03,28,32,1.5,2.25,VLASS2.2,NaT
T18t04,28,32,2.25,3,VLASS2.2,NaT
T18t04,28,32,2.25,3,VLASS1.2,2019-03-26
T18t05,28,32,3,3.75,VLASS2.2,NaT
T18t05,28,32,3,3.75,VLASS1.2,2019-03-29
T18t06,28,32,3.75,4.5,VLASS2.2,NaT
T18t06,28,32,3.75,4.5,VLASS1.2,2019-03-19
T18t07,28,32,4.5,5.25,VLASS1.2,2019-04-07
T18t07,28,32,4.5,5.25,VLASS2.2,NaT
T18t08,28,32,5.25,6,VLASS1.2,2019-03-26
T18t08,28,32,5.25,6,VLASS2.2,NaT
T18t09,28,32,6,6.75,VLASS2.2,NaT
T18t09,28,32,6,6.75,VLASS1.2,2019-04-20
T18t10,28,32,6.75,7.5,VLASS1.2,2019-04-22
T18t10,28,32,6.75,7.5,VLASS2.2,NaT
T18t11,28,32,7.5,8.25,VLASS2.2,NaT
T18t11,28,32,7.5,8.25,VLASS1.2,2019-04-13
T18t12,28,32,8.25,9,VLASS1.2,2019-05-05
T18t12,28,32,8.25,9,VLASS2.2,NaT
T18t13,28,32,9,9.75,VLASS1.2,2019-04-20
T18t13,28,32,9,9.75,VLASS2.2,NaT
T18t14,28,32,9.75,10.5,VLASS2.2,NaT
T18t14,28,32,9.75,10.5,VLASS1.2,2019-04-22
T18t15,28,32,10.5,11.25,VLASS2.2,NaT
T18t15,28,32,10.5,11.25,VLASS1.2,2019-04-13
T18t16,28,32,11.25,12,VLASS2.2,NaT
T18t16,28,32,11.25,12,VLASS1.2,2019-04-14
T18t17,28,32,12,12.75,VLASS2.1,2020-09-22
T18t17,28,32,12,12.75,VLASS1.1,2017-11-24
T18t18,28,32,12.75,13.5,VLASS2.1,2020-10-09
T18t18,28,32,12.75,13.5,VLASS1.1,2017-11-25
T18t19,28,32,13.5,14.25,VLASS2.1,2020-09-17
T18t19,28,32,13.5,14.25,VLASS1.1,2017-10-01
T18t20,28,32,14.25,15,VLASS2.1,2020-09-22
T18t20,28,32,14.25,15,VLASS1.1,2017-11-12
T18t21,28,32,15,15.75,VLASS1.1,2017-10-02
T18t21,28,32,15,15.75,VLASS2.1,2020-10-09
T18t22,28,32,15.75,16.5,VLASS2.1,2020-09-17
T18t22,28,32,15.75,16.5,VLASS1.1,2017-11-24
T18t23,28,32,16.5,17.25,VLASS2.1,2020-09-11
T18t23,28,32,16.5,17.25,VLASS1.1,2017-11-25
T18t24,28,32,17.25,18,VLASS1.1,2017-10-01
T18t24,28,32,17.25,18,VLASS2.1,2020-09-11
T18t25,28,32,18,18.75,VLASS2.2,NaT
T18t25,28,32,18,18.75,VLASS1.2,2019-06-21
T18t26,28,32,18.75,19.5,VLASS1.2,2019-05-22
T18t26,28,32,18.75,19.5,VLASS2.2,NaT
T18t27,28,32,19.5,20.25,VLASS1.2,2019-06-09
T18t27,28,32,19.5,20.25,VLASS2.2,NaT
T18t28,28,32,20.25,21,VLASS1.2,2019-06-13
T18t28,28,32,20.25,21,VLASS2.2,NaT
T18t29,28,32,21,21.75,VLASS1.2,2019-06-21
T18t29,28,32,21,21.75,VLASS2.2,NaT
T18t30,28,32,21.75,22.5,VLASS1.2,2019-05-22
T18t30,28,32,21.75,22.5,VLASS2.2,NaT
T18t31,28,32,22.5,23.25,VLASS2.2,NaT
T18t31,28,32,22.5,23.25,VLASS1.2,2019-06-09
T18t32,28,32,23.25,24,VLASS1.2,2019-06-13
T18t32,28,32,23.25,24,VLASS2.2,NaT
T19t01,32,36,0,0.8,VLASS2.2,NaT
T19t01,32,36,0,0.8,VLASS1.2,2019-06-05
T19t02,32,36,0.8,1.6,VLASS1.2,2019-06-06
T19t02,32,36,0.8,1.6,VLASS2.2,NaT
T19t03,32,36,1.6,2.4,VLASS1.2,2019-06-09
T19t03,32,36,1.6,2.4,VLASS2.2,NaT
T19t04,32,36,2.4,3.2,VLASS2.2,NaT
T19t04,32,36,2.4,3.2,VLASS1.2,2019-06-11
T19t05,32,36,3.2,4,VLASS1.2,2019-06-06
T19t05,32,36,3.2,4,VLASS2.2,NaT
T19t06,32,36,4,4.8,VLASS1.2,2019-06-09
T19t06,32,36,4,4.8,VLASS2.2,NaT
T19t07,32,36,4.8,5.6,VLASS2.2,NaT
T19t07,32,36,4.8,5.6,VLASS1.2,2019-06-11
T19t08,32,36,5.6,6.4,VLASS2.2,NaT
T19t08,32,36,5.6,6.4,VLASS1.2,2019-05-05
T19t09,32,36,6.4,7.2,VLASS2.2,NaT
T19t09,32,36,6.4,7.2,VLASS1.2,2019-06-07
T19t10,32,36,7.2,8,VLASS1.2,2019-06-04
T19t10,32,36,7.2,8,VLASS2.2,NaT
T19t11,32,36,8,8.8,VLASS2.2,NaT
T19t11,32,36,8,8.8,VLASS1.2,2019-05-07
T19t12,32,36,8.8,9.6,VLASS2.2,NaT
T19t12,32,36,8.8,9.6,VLASS1.2,2019-05-05
T19t13,32,36,9.6,10.4,VLASS1.2,2019-06-07
T19t13,32,36,9.6,10.4,VLASS2.2,NaT
T19t14,32,36,10.4,11.2,VLASS1.2,2019-06-04
T19t14,32,36,10.4,11.2,VLASS2.2,NaT
T19t15,32,36,11.2,12,VLASS1.2,2019-05-07
T19t15,32,36,11.2,12,VLASS2.2,NaT
T19t16,32,36,12,12.8,VLASS1.1,2017-12-02
T19t16,32,36,12,12.8,VLASS2.1,2020-09-12
T19t17,32,36,12.8,13.6,VLASS1.1,2017-10-05
T19t17,32,36,12.8,13.6,VLASS2.1,2020-09-18
T19t18,32,36,13.6,14.4,VLASS2.1,2020-09-15
T19t18,32,36,13.6,14.4,VLASS1.1,2017-12-10
T19t19,32,36,14.4,15.2,VLASS2.1,2020-09-12
T19t19,32,36,14.4,15.2,VLASS1.1,2017-11-27
T19t20,32,36,15.2,16,VLASS1.1,2017-12-02
T19t20,32,36,15.2,16,VLASS2.1,2020-09-18
T19t21,32,36,16,16.8,VLASS1.1,2017-10-05
T19t21,32,36,16,16.8,VLASS2.1,2020-09-15
T19t22,32,36,16.8,17.6,VLASS2.1,2020-09-09
T19t22,32,36,16.8,17.6,VLASS1.1,2017-12-10
T19t23,32,36,17.6,18.4,VLASS2.1,2020-09-09
T19t23,32,36,17.6,18.4,VLASS1.1,2017-11-27
T19t24,32,36,18.4,19.2,VLASS2.2,NaT
T19t24,32,36,18.4,19.2,VLASS1.2,2019-06-10
T19t25,32,36,19.2,20,VLASS1.2,2019-06-08
T19t25,32,36,19.2,20,VLASS2.2,NaT
T19t26,32,36,20,20.8,VLASS1.2,2019-06-07
T19t26,32,36,20,20.8,VLASS2.2,NaT
T19t27,32,36,20.8,21.6,VLASS2.2,NaT
T19t27,32,36,20.8,21.6,VLASS1.2,2019-06-05
T19t28,32,36,21.6,22.4,VLASS2.2,NaT
T19t28,32,36,21.6,22.4,VLASS1.2,2019-06-10
T19t29,32,36,22.4,23.2,VLASS2.2,NaT
T19t29,32,36,22.4,23.2,VLASS1.2,2019-06-08
T19t30,32,36,23.2,24,VLASS2.2,NaT
T19t30,32,36,23.2,24,VLASS1.2,2019-06-07
T20t01,36,40,0,0.8,VLASS1.2,2019-04-19
T20t01,36,40,0,0.8,VLASS2.2,NaT
T20t02,36,40,0.8,1.6,VLASS1.2,2019-04-13
T20t02,36,40,0.8,1.6,VLASS2.2,NaT
T20t03,36,40,1.6,2.4,VLASS1.2,2019-04-20
T20t03,36,40,1.6,2.4,VLASS2.2,NaT
T20t04,36,40,2.4,3.2,VLASS1.2,2019-04-19
T20t04,36,40,2.4,3.2,VLASS2.2,NaT
T20t05,36,40,3.2,4,VLASS2.2,NaT
T20t05,36,40,3.2,4,VLASS1.2,2019-04-13
T20t06,36,40,4,4.8,VLASS2.2,NaT
T20t06,36,40,4,4.8,VLASS1.2,2019-04-20
T20t07,36,40,4.8,5.6,VLASS2.2,NaT
T20t07,36,40,4.8,5.6,VLASS1.2,2019-04-26
T20t08,36,40,5.6,6.4,VLASS2.2,NaT
T20t08,36,40,5.6,6.4,VLASS1.2,2019-05-03
T20t09,36,40,6.4,7.2,VLASS1.2,2019-05-04
T20t09,36,40,6.4,7.2,VLASS2.2,NaT
T20t10,36,40,7.2,8,VLASS2.2,NaT
T20t10,36,40,7.2,8,VLASS1.2,2019-04-26
T20t11,36,40,8,8.8,VLASS2.2,NaT
T20t11,36,40,8,8.8,VLASS1.2,2019-05-03
T20t12,36,40,8.8,9.6,VLASS1.2,2019-05-04
T20t12,36,40,8.8,9.6,VLASS2.2,NaT
T20t13,36,40,9.6,10.4,VLASS2.2,NaT
T20t13,36,40,9.6,10.4,VLASS1.2,2019-04-26
T20t14,36,40,10.4,11.2,VLASS1.2,2019-05-03
T20t14,36,40,10.4,11.2,VLASS2.2,NaT
T20t15,36,40,11.2,12,VLASS2.2,NaT
T20t15,36,40,11.2,12,VLASS1.2,2019-05-04
T20t16,36,40,12,12.8,VLASS1.1,2017-11-10
T20t16,36,40,12,12.8,VLASS2.1,2020-09-19
T20t17,36,40,12.8,13.6,VLASS2.1,2020-09-20
T20t17,36,40,12.8,13.6,VLASS1.1,2017-10-28
T20t18,36,40,13.6,14.4,VLASS1.1,2017-10-14
T20t18,36,40,13.6,14.4,VLASS2.1,2020-09-16
T20t19,36,40,14.4,15.2,VLASS2.1,2020-09-19
T20t19,36,40,14.4,15.2,VLASS1.1,2017-11-10
T20t20,36,40,15.2,16,VLASS1.1,2017-10-28
T20t20,36,40,15.2,16,VLASS2.1,2020-09-20
T20t21,36,40,16,16.8,VLASS1.1,2017-10-14
T20t21,36,40,16,16.8,VLASS2.1,2020-09-16
T20t22,36,40,16.8,17.6,VLASS2.1,2020-09-12
T20t22,36,40,16.8,17.6,VLASS1.1,2017-11-10
T20t23,36,40,17.6,18.4,VLASS2.1,2020-09-19
T20t23,36,40,17.6,18.4,VLASS1.1,2017-10-28
T20t24,36,40,18.4,19.2,VLASS1.1,2017-10-14
T20t24,36,40,18.4,19.2,VLASS2.1,2020-09-12
T20t25,36,40,19.2,20,VLASS1.1,2017-11-10
T20t25,36,40,19.2,20,VLASS2.1,2020-09-21
T20t26,36,40,20,20.8,VLASS2.1,2020-09-19
T20t26,36,40,20,20.8,VLASS1.1,2017-10-28
T20t27,36,40,20.8,21.6,VLASS1.1,2017-10-14
T20t27,36,40,20.8,21.6,VLASS2.1,2020-09-21
T20t28,36,40,21.6,22.4,VLASS1.2,2019-04-19
T20t28,36,40,21.6,22.4,VLASS2.2,NaT
T20t29,36,40,22.4,23.2,VLASS1.2,2019-04-13
T20t29,36,40,22.4,23.2,VLASS2.2,NaT
T20t30,36,40,23.2,24,VLASS2.2,NaT
T20t30,36,40,23.2,24,VLASS1.2,2019-04-20
T21t01,40,44,0,1,VLASS1.2,2019-05-03
T21t01,40,44,0,1,VLASS2.2,NaT
T21t02,40,44,1,2,VLASS2.2,NaT
T21t02,40,44,1,2,VLASS1.2,2019-04-26
T21t03,40,44,2,3,VLASS2.2,NaT
T21t03,40,44,2,3,VLASS1.2,2019-04-14
T21t04,40,44,3,4,VLASS2.2,NaT
T21t04,40,44,3,4,VLASS1.2,2019-06-18
T21t05,40,44,4,5,VLASS1.2,2019-05-14
T21t05,40,44,4,5,VLASS2.2,NaT
T21t06,40,44,5,6,VLASS2.2,NaT
T21t06,40,44,5,6,VLASS1.2,2019-04-09
T21t07,40,44,6,7,VLASS2.2,NaT
T21t07,40,44,6,7,VLASS1.2,2019-04-27
T21t08,40,44,7,8,VLASS1.2,2019-05-16
T21t08,40,44,7,8,VLASS2.2,NaT
T21t09,40,44,8,9,VLASS2.2,NaT
T21t09,40,44,8,9,VLASS1.2,2019-05-24
T21t10,40,44,9,10,VLASS1.2,2019-05-31
T21t10,40,44,9,10,VLASS2.2,NaT
T21t11,40,44,10,11,VLASS2.2,NaT
T21t11,40,44,10,11,VLASS1.2,2019-05-25
T21t12,40,44,11,12,VLASS2.2,NaT
T21t12,40,44,11,12,VLASS1.2,2019-05-06
T21t13,40,44,12,13,VLASS2.2,NaT
T21t13,40,44,12,13,VLASS1.2,2019-04-15
T21t14,40,44,13,14,VLASS2.2,NaT
T21t14,40,44,13,14,VLASS1.2,2019-03-19
T21t15,40,44,14,15,VLASS2.2,NaT
T21t15,40,44,14,15,VLASS1.2,2019-04-14
T21t16,40,44,15,16,VLASS1.2,2019-03-28
T21t16,40,44,15,16,VLASS2.2,NaT
T21t17,40,44,16,17,VLASS1.2,2019-05-04
T21t17,40,44,16,17,VLASS2.2,NaT
T21t18,40,44,17,18,VLASS1.2,2019-05-06
T21t18,40,44,17,18,VLASS2.2,NaT
T21t19,40,44,18,19,VLASS2.1,2020-09-07
T21t19,40,44,18,19,VLASS1.1,2017-10-04
T21t20,40,44,19,20,VLASS1.1,2017-09-22
T21t20,40,44,19,20,VLASS2.1,2020-09-05
T21t21,40,44,20,21,VLASS1.1,2017-10-03
T21t21,40,44,20,21,VLASS2.1,2020-09-07
T21t22,40,44,21,22,VLASS1.1,2017-09-22
T21t22,40,44,21,22,VLASS2.1,2020-09-05
T21t23,40,44,22,23,VLASS1.2,2019-05-19
T21t23,40,44,22,23,VLASS2.2,NaT
T21t24,40,44,23,24,VLASS2.2,NaT
T21t24,40,44,23,24,VLASS1.2,2019-05-25
T22t01,44,48,0,1,VLASS2.2,NaT
T22t01,44,48,0,1,VLASS1.2,2019-05-03
T22t02,44,48,1,2,VLASS1.2,2019-04-26
T22t02,44,48,1,2,VLASS2.2,NaT
T22t03,44,48,2,3,VLASS1.2,2019-04-14
T22t03,44,48,2,3,VLASS2.2,NaT
T22t04,44,48,3,4,VLASS1.2,2019-06-18
T22t04,44,48,3,4,VLASS2.2,NaT
T22t05,44,48,4,5,VLASS2.2,NaT
T22t05,44,48,4,5,VLASS1.2,2019-05-14
T22t06,44,48,5,6,VLASS2.2,NaT
T22t06,44,48,5,6,VLASS1.2,2019-06-18
T22t07,44,48,6,7,VLASS1.2,2019-04-27
T22t07,44,48,6,7,VLASS2.2,NaT
T22t08,44,48,7,8,VLASS2.2,NaT
T22t08,44,48,7,8,VLASS1.2,2019-05-16
T22t09,44,48,8,9,VLASS1.2,2019-05-24
T22t09,44,48,8,9,VLASS2.2,NaT
T22t10,44,48,9,10,VLASS2.2,NaT
T22t10,44,48,9,10,VLASS1.2,2019-05-31
T22t11,44,48,10,11,VLASS2.2,NaT
T22t11,44,48,10,11,VLASS1.2,2019-05-25
T22t12,44,48,11,12,VLASS2.2,NaT
T22t12,44,48,11,12,VLASS1.2,2019-05-06
T22t13,44,48,12,13,VLASS2.2,NaT
T22t13,44,48,12,13,VLASS1.2,2019-04-15
T22t14,44,48,13,14,VLASS1.2,2019-03-19
T22t14,44,48,13,14,VLASS2.2,NaT
T22t15,44,48,14,15,VLASS2.2,NaT
T22t15,44,48,14,15,VLASS1.2,2019-04-14
T22t16,44,48,15,16,VLASS1.2,2019-03-28
T22t16,44,48,15,16,VLASS2.2,NaT
T22t17,44,48,16,17,VLASS2.2,NaT
T22t17,44,48,16,17,VLASS1.2,2019-05-04
T22t18,44,48,17,18,VLASS1.2,2019-05-06
T22t18,44,48,17,18,VLASS2.2,NaT
T22t19,44,48,18,19,VLASS1.1,2017-10-04
T22t19,44,48,18,19,VLASS2.1,2020-08-13
T22t20,44,48,19,20,VLASS2.1,2020-08-13
T22t20,44,48,19,20,VLASS1.1,2017-09-10
T22t21,44,48,20,21,VLASS2.1,2020-08-13
T22t21,44,48,20,21,VLASS1.1,2017-10-03
T22t22,44,48,21,22,VLASS2.2,NaT
T22t22,44,48,21,22,VLASS1.2,2019-03-25
T22t23,44,48,22,23,VLASS2.2,NaT
T22t23,44,48,22,23,VLASS1.2,2019-05-19
T22t24,44,48,23,24,VLASS1.2,2019-05-25
T22t24,44,48,23,24,VLASS2.2,NaT
T23t01,48,52,0,1,VLASS2.2,NaT
T23t01,48,52,0,1,VLASS1.2,2019-06-02
T23t02,48,52,1,2,VLASS2.2,NaT
T23t02,48,52,1,2,VLASS1.2,2019-05-17
T23t03,48,52,2,3,VLASS2.2,NaT
T23t03,48,52,2,3,VLASS1.2,2019-05-31
T23t04,48,52,3,4,VLASS2.2,NaT
T23t04,48,52,3,4,VLASS1.2,2019-06-08
T23t05,48,52,4,5,VLASS2.2,NaT
T23t05,48,52,4,5,VLASS1.2,2019-03-05
T23t06,48,52,5,6,VLASS2.2,NaT
T23t06,48,52,5,6,VLASS1.2,2019-04-17
T23t07,48,52,6,7,VLASS1.2,2019-05-14
T23t07,48,52,6,7,VLASS2.2,NaT
T23t08,48,52,7,8,VLASS2.2,NaT
T23t08,48,52,7,8,VLASS1.2,2019-05-09
T23t09,48,52,8,9,VLASS2.2,NaT
T23t09,48,52,8,9,VLASS1.2,2019-03-05
T23t10,48,52,9,10,VLASS1.2,2019-04-17
T23t10,48,52,9,10,VLASS2.2,NaT
T23t11,48,52,10,11,VLASS1.2,2019-05-14
T23t11,48,52,10,11,VLASS2.2,NaT
T23t12,48,52,11,12,VLASS1.2,2019-05-09
T23t12,48,52,11,12,VLASS2.2,NaT
T23t13,48,52,12,13,VLASS1.1,2017-11-20
T23t13,48,52,12,13,VLASS2.1,2020-08-01
T23t14,48,52,13,14,VLASS2.1,2020-08-01
T23t14,48,52,13,14,VLASS1.1,2017-11-19
T23t15,48,52,14,15,VLASS1.1,2017-12-01
T23t15,48,52,14,15,VLASS2.1,2020-08-01
T23t16,48,52,15,16,VLASS1.1,2017-11-11
T23t16,48,52,15,16,VLASS2.1,2020-08-01
T23t17,48,52,16,17,VLASS1.1,2017-10-16
T23t17,48,52,16,17,VLASS2.1,2020-08-11
T23t18,48,52,17,18,VLASS2.1,2020-08-11
T23t18,48,52,17,18,VLASS1.1,2017-09-13
T23t19,48,52,18,19,VLASS2.1,2020-08-11
T23t19,48,52,18,19,VLASS1.1,2017-09-09
T23t20,48,52,19,20,VLASS2.1,2020-08-11
T23t20,48,52,19,20,VLASS1.1,2017-09-10
T23t21,48,52,20,21,VLASS2.2,NaT
T23t21,48,52,20,21,VLASS1.2,2019-05-09
T23t22,48,52,21,22,VLASS2.2,NaT
T23t22,48,52,21,22,VLASS1.2,2019-05-24
T23t23,48,52,22,23,VLASS2.2,NaT
T23t23,48,52,22,23,VLASS1.2,2019-05-23
T23t24,48,52,23,24,VLASS2.2,NaT
T23t24,48,52,23,24,VLASS1.2,2019-05-02
T24t01,52,57,0,1,VLASS1.2,2019-06-02
T24t01,52,57,0,1,VLASS2.2,NaT
T24t02,52,57,1,2,VLASS1.2,2019-05-17
T24t02,52,57,1,2,VLASS2.2,NaT
T24t03,52,57,2,3,VLASS1.2,2019-05-31
T24t03,52,57,2,3,VLASS2.2,NaT
T24t04,52,57,3,4,VLASS1.2,2019-06-08
T24t04,52,57,3,4,VLASS2.2,NaT
T24t05,52,57,4,5,VLASS1.2,2019-03-05
T24t05,52,57,4,5,VLASS2.2,NaT
T24t06,52,57,5,6,VLASS1.2,2019-04-17
T24t06,52,57,5,6,VLASS2.2,NaT
T24t07,52,57,6,7,VLASS1.2,2019-05-14
T24t07,52,57,6,7,VLASS2.2,NaT
T24t08,52,57,7,8,VLASS2.2,NaT
T24t08,52,57,7,8,VLASS1.2,2019-05-09
T24t09,52,57,8,9,VLASS1.1,2017-09-26
T24t09,52,57,8,9,VLASS2.1,2020-10-09
T24t10,52,57,9,10,VLASS2.1,2020-10-09
T24t10,52,57,9,10,VLASS1.1,2017-09-23
T24t11,52,57,10,11,VLASS2.1,2020-08-21
T24t11,52,57,10,11,VLASS1.1,2017-09-26
T24t12,52,57,11,12,VLASS1.1,2017-09-23
T24t12,52,57,11,12,VLASS2.1,2020-08-02
T24t13,52,57,12,13,VLASS1.1,2017-11-20
T24t13,52,57,12,13,VLASS2.1,2020-08-21
T24t14,52,57,13,14,VLASS2.1,2020-08-02
T24t14,52,57,13,14,VLASS1.1,2017-11-19
T24t15,52,57,14,15,VLASS2.1,2020-09-01
T24t15,52,57,14,15,VLASS1.1,2017-12-01
T24t16,52,57,15,16,VLASS2.1,2020-08-02
T24t16,52,57,15,16,VLASS1.1,2017-11-11
T24t17,52,57,16,17,VLASS2.1,2020-09-01
T24t17,52,57,16,17,VLASS1.1,2017-10-16
T24t18,52,57,17,18,VLASS1.1,2017-09-13
T24t18,52,57,17,18,VLASS2.1,2020-08-02
T24t19,52,57,18,19,VLASS2.1,2020-09-01
T24t19,52,57,18,19,VLASS1.1,2017-09-09
T24t20,52,57,19,20,VLASS2.2,NaT
T24t20,52,57,19,20,VLASS1.2,2019-03-25
T24t21,52,57,20,21,VLASS1.2,2019-05-09
T24t21,52,57,20,21,VLASS2.2,NaT
T24t22,52,57,21,22,VLASS2.2,NaT
T24t22,52,57,21,22,VLASS1.2,2019-05-24
T24t23,52,57,22,23,VLASS1.2,2019-05-23
T24t23,52,57,22,23,VLASS2.2,NaT
T24t24,52,57,23,24,VLASS1.2,2019-05-02
T24t24,52,57,23,24,VLASS2.2,NaT
T25t01,57,61,0,1.33,VLASS1.1,2017-10-11
T25t01,57,61,0,1.33,VLASS2.1,2020-09-06
T25t02,57,61,1.33,2.67,VLASS1.1,2017-10-20
T25t02,57,61,1.33,2.67,VLASS2.1,2020-09-06
T25t03,57,61,2.67,4,VLASS2.1,2020-08-04
T25t03,57,61,2.67,4,VLASS1.1,2017-11-18
T25t04,57,61,4,5.33,VLASS1.1,2017-10-11
T25t04,57,61,4,5.33,VLASS2.1,2020-08-04
T25t05,57,61,5.33,6.67,VLASS1.1,2017-11-07
T25t05,57,61,5.33,6.67,VLASS2.1,2020-08-04
T25t06,57,61,6.67,8,VLASS2.1,NaT
T25t06,57,61,6.67,8,VLASS1.1,2017-09-22
T25t07,57,61,8,9.33,VLASS1.1,2017-09-25
T25t07,57,61,8,9.33,VLASS2.1,2020-10-13
T25t08,57,61,9.33,10.67,VLASS1.1,2017-09-18
T25t08,57,61,9.33,10.67,VLASS2.1,2020-08-23
T25t09,57,61,10.67,12,VLASS2.1,2020-08-23
T25t09,57,61,10.67,12,VLASS1.1,2017-11-27
T25t10,57,61,12,13.33,VLASS1.1,2017-09-18
T25t10,57,61,12,13.33,VLASS2.1,2020-06-26
T25t11,57,61,13.33,14.67,VLASS1.1,2017-11-27
T25t11,57,61,13.33,14.67,VLASS2.1,2020-08-04
T25t12,57,61,14.67,16,VLASS1.1,2017-09-14
T25t12,57,61,14.67,16,VLASS2.1,2020-08-04
T25t13,57,61,16,17.33,VLASS2.1,2020-08-04
T25t13,57,61,16,17.33,VLASS1.1,2017-10-06
T25t14,57,61,17.33,18.67,VLASS1.1,2017-09-14
T25t14,57,61,17.33,18.67,VLASS2.1,2020-08-04
T25t15,57,61,18.67,20,VLASS2.2,NaT
T25t15,57,61,18.67,20,VLASS1.2,2019-04-12
T25t16,57,61,20,21.33,VLASS2.2,NaT
T25t16,57,61,20,21.33,VLASS1.2,2019-04-28
T25t17,57,61,21.33,22.67,VLASS2.1,2020-09-06
T25t17,57,61,21.33,22.67,VLASS1.1,2017-10-20
T25t18,57,61,22.67,24,VLASS2.1,2020-09-06
T25t18,57,61,22.67,24,VLASS1.1,2017-11-18
T26t01,61,65,0,1.33,VLASS1.1,2017-10-11
T26t01,61,65,0,1.33,VLASS2.1,2020-08-21
T26t02,61,65,1.33,2.67,VLASS2.1,2020-08-21
T26t02,61,65,1.33,2.67,VLASS1.1,2017-10-20
T26t03,61,65,2.67,4,VLASS1.1,2017-11-18
T26t03,61,65,2.67,4,VLASS2.1,2020-08-25
T26t04,61,65,4,5.33,VLASS1.1,2017-10-11
T26t04,61,65,4,5.33,VLASS2.1,2020-08-25
T26t05,61,65,5.33,6.67,VLASS2.1,2020-08-25
T26t05,61,65,5.33,6.67,VLASS1.1,2017-11-07
T26t06,61,65,6.67,8,VLASS1.1,2017-09-22
T26t06,61,65,6.67,8,VLASS2.1,2020-08-10
T26t07,61,65,8,9.33,VLASS2.1,2020-08-10
T26t07,61,65,8,9.33,VLASS1.1,2017-09-25
T26t08,61,65,9.33,10.67,VLASS2.1,2020-10-06
T26t08,61,65,9.33,10.67,VLASS1.1,2017-09-22
T26t09,61,65,10.67,12,VLASS2.1,2020-10-06
T26t09,61,65,10.67,12,VLASS1.1,2017-10-06
T26t10,61,65,12,13.33,VLASS2.1,2020-06-26
T26t10,61,65,12,13.33,VLASS1.1,2017-09-18
T26t11,61,65,13.33,14.67,VLASS1.1,2017-11-27
T26t11,61,65,13.33,14.67,VLASS2.1,2020-08-19
T26t12,61,65,14.67,16,VLASS1.1,2017-09-11
T26t12,61,65,14.67,16,VLASS2.1,2020-08-19
T26t13,61,65,16,17.33,VLASS1.1,2017-10-06
T26t13,61,65,16,17.33,VLASS2.1,2020-08-19
T26t14,61,65,17.33,18.67,VLASS1.1,2017-09-11
T26t14,61,65,17.33,18.67,VLASS2.1,2020-08-19
T26t15,61,65,18.67,20,VLASS2.2,NaT
T26t15,61,65,18.67,20,VLASS1.2,2019-04-12
T26t16,61,65,20,21.33,VLASS1.2,2019-04-28
T26t16,61,65,20,21.33,VLASS2.2,NaT
T26t17,61,65,21.33,22.67,VLASS1.1,2017-10-20
T26t17,61,65,21.33,22.67,VLASS2.1,2020-08-21
T26t18,61,65,22.67,24,VLASS2.1,2020-08-21
T26t18,61,65,22.67,24,VLASS1.1,2017-11-18
T27t01,65,69,0,1.6,VLASS1.1,2017-11-05
T27t01,65,69,0,1.6,VLASS2.1,2020-08-11
T27t02,65,69,1.6,3.2,VLASS1.1,2017-11-05
T27t02,65,69,1.6,3.2,VLASS2.1,2020-08-11
T27t03,65,69,3.2,4.8,VLASS1.1,2017-09-21
T27t03,65,69,3.2,4.8,VLASS2.1,2020-08-11
T27t04,65,69,4.8,6.4,VLASS1.1,2017-09-21
T27t04,65,69,4.8,6.4,VLASS2.1,2020-09-27
T27t05,65,69,6.4,8,VLASS1.1,2017-11-09
T27t05,65,69,6.4,8,VLASS2.1,2020-09-27
T27t06,65,69,8,9.6,VLASS2.1,2020-09-27
T27t06,65,69,8,9.6,VLASS1.1,2017-11-09
T27t07,65,69,9.6,11.2,VLASS1.1,2017-10-21
T27t07,65,69,9.6,11.2,VLASS2.1,2020-09-01
T27t08,65,69,11.2,12.8,VLASS2.1,2020-09-01
T27t08,65,69,11.2,12.8,VLASS1.1,2017-10-21
T27t09,65,69,12.8,14.4,VLASS1.1,2017-12-11
T27t09,65,69,12.8,14.4,VLASS2.1,2020-09-01
T27t10,65,69,14.4,16,VLASS2.1,2020-08-06
T27t10,65,69,14.4,16,VLASS1.1,2017-12-11
T27t11,65,69,16,17.6,VLASS2.1,2020-08-06
T27t11,65,69,16,17.6,VLASS1.1,2017-10-13
T27t12,65,69,17.6,19.2,VLASS2.1,2020-08-06
T27t12,65,69,17.6,19.2,VLASS1.1,2017-10-13
T27t13,65,69,19.2,20.8,VLASS1.1,2017-09-08
T27t13,65,69,19.2,20.8,VLASS2.1,2020-08-23
T27t14,65,69,20.8,22.4,VLASS1.1,2017-09-08
T27t14,65,69,20.8,22.4,VLASS2.1,2020-08-23
T27t15,65,69,22.4,24,VLASS1.1,2017-09-21
T27t15,65,69,22.4,24,VLASS2.1,2020-08-23
T28t01,69,73,0,2,VLASS1.1,2017-11-13
T28t01,69,73,0,2,VLASS2.1,2020-08-22
T28t02,69,73,2,4,VLASS2.1,2020-08-22
T28t02,69,73,2,4,VLASS1.1,2017-11-13
T28t03,69,73,4,6,VLASS2.1,2020-08-22
T28t03,69,73,4,6,VLASS1.1,2017-10-15
T28t04,69,73,6,8,VLASS2.1,2020-09-10
T28t04,69,73,6,8,VLASS1.1,2017-10-15
T28t05,69,73,8,10,VLASS2.1,2020-09-10
T28t05,69,73,8,10,VLASS1.1,2017-09-18
T28t06,69,73,10,12,VLASS2.1,2020-09-10
T28t06,69,73,10,12,VLASS1.1,2017-09-18
T28t07,69,73,12,14,VLASS1.1,2017-11-24
T28t07,69,73,12,14,VLASS2.1,NaT
T28t08,69,73,14,16,VLASS2.1,NaT
T28t08,69,73,14,16,VLASS1.1,2017-11-24
T28t09,69,73,16,18,VLASS2.1,2020-09-12
T28t09,69,73,16,18,VLASS1.1,2017-10-08
T28t10,69,73,18,20,VLASS2.1,2020-09-10
T28t10,69,73,18,20,VLASS1.1,2017-10-08
T28t11,69,73,20,22,VLASS2.1,2020-09-10
T28t11,69,73,20,22,VLASS1.1,2017-09-18
T28t12,69,73,22,24,VLASS2.1,2020-09-10
T28t12,69,73,22,24,VLASS1.1,2017-09-18
T29t01,73,77,0,2.67,VLASS2.1,2020-09-03
T29t01,73,77,0,2.67,VLASS1.1,2017-11-10
T29t02,73,77,2.67,5.33,VLASS1.1,2017-09-19
T29t02,73,77,2.67,5.33,VLASS2.1,2020-09-03
T29t03,73,77,5.33,8,VLASS2.1,2020-10-13
T29t03,73,77,5.33,8,VLASS1.1,2017-11-10
T29t04,73,77,8,10.67,VLASS2.1,2020-10-13
T29t04,73,77,8,10.67,VLASS1.1,2017-09-19
T29t05,73,77,10.67,13.33,VLASS1.1,2017-09-15
T29t05,73,77,10.67,13.33,VLASS2.1,2020-09-02
T29t06,73,77,13.33,16,VLASS2.1,2020-09-02
T29t06,73,77,13.33,16,VLASS1.1,2017-10-29
T29t07,73,77,16,18.67,VLASS2.1,NaT
T29t07,73,77,16,18.67,VLASS1.1,2017-09-15
T29t08,73,77,18.67,21.33,VLASS2.1,2020-09-26
T29t08,73,77,18.67,21.33,VLASS1.1,2017-10-29
T29t09,73,77,21.33,24,VLASS1.1,2017-11-08
T29t09,73,77,21.33,24,VLASS2.1,2020-08-26
T30t01,77,81,0,2.67,VLASS1.1,2017-11-10
T30t01,77,81,0,2.67,VLASS2.1,2020-09-03
T30t02,77,81,2.67,5.33,VLASS2.1,2020-09-03
T30t02,77,81,2.67,5.33,VLASS1.1,2017-09-19
T30t03,77,81,5.33,8,VLASS2.1,2020-09-12
T30t03,77,81,5.33,8,VLASS1.1,2017-11-10
T30t04,77,81,8,10.67,VLASS2.1,2020-09-05
T30t04,77,81,8,10.67,VLASS1.1,2017-09-19
T30t05,77,81,10.67,13.33,VLASS2.1,2020-09-05
T30t05,77,81,10.67,13.33,VLASS1.1,2017-09-15
T30t06,77,81,13.33,16,VLASS2.1,2020-09-05
T30t06,77,81,13.33,16,VLASS1.1,2017-10-29
T30t07,77,81,16,18.67,VLASS2.1,2020-08-29
T30t07,77,81,16,18.67,VLASS1.1,2017-09-15
T30t08,77,81,18.67,21.33,VLASS2.1,2020-09-26
T30t08,77,81,18.67,21.33,VLASS1.1,2017-10-29
T30t09,77,81,21.33,24,VLASS2.1,2020-08-26
T30t09,77,81,21.33,24,VLASS1.1,2017-11-08
T31t01,81,85,0,6,VLASS2.1,2020-09-12
T31t01,81,85,0,6,VLASS1.1,2017-11-17
T31t02,81,85,6,12,VLASS2.1,2020-09-12
T31t02,81,85,6,12,VLASS1.1,2017-11-17
T31t03,81,85,12,18,VLASS1.1,2017-09-29
T31t03,81,85,12,18,VLASS2.1,2020-08-29
T31t04,81,85,18,24,VLASS2.1,2020-08-29
T31t04,81,85,18,24,VLASS1.1,2017-09-29
T32t01,85,90,0,12,VLASS2.1,2020-09-12
T32t01,85,90,0,12,VLASS1.1,2017-11-17
T32t02,85,90,12,24,VLASS1.1,2017-09-29
T32t02,85,90,12,24,VLASS2.1,2020-08-29
